transaction_id,transaction_timestamp,store_id,product_id,product_name,category,quantity,unit_price,total_amount,payment_method,customer_id
S009-20260107-0001,2026-01-07 19:13:39,S009,P001,Rice 5kg,Groceries,1,25.0,25.0,Cash,C6831
S009-20260101-0002,2026-01-01 09:50:47,S009,P002,Cooking Oil 1L,Groceries,3,12.5,37.5,Card,C8303
S009-20260102-0003,2026-01-02 17:36:03,S009,P006,Soft Drink 50cl,Beverages,3,2.0,6.0,Cash,C4942
S009-20260104-0004,2026-01-04 16:12:44,S009,P010,Detergent 1kg,Household,1,7.0,7.0,Cash,C9102
S009-20260103-0005,2026-01-03 15:44:49,S009,P005,Eggs (12 pack),Dairy,3,6.5,19.5,Cash,C9915
S009-20260103-0006,2026-01-03 12:08:52,S009,P007,Chicken (1kg),Meat,2,8.5,17.0,Cash,C5024
S009-20260107-0007,2026-01-07 21:40:35,S009,P009,Spaghetti 500g,Groceries,3,2.5,7.5,Transfer,C7789
S009-20260103-0008,2026-01-03 09:36:58,S009,P001,Rice 5kg,Groceries,2,25.0,50.0,Card,C4274
S009-20260107-0009,2026-01-07 08:35:08,S009,P005,Eggs (12 pack),Dairy,1,6.5,6.5,Cash,C2925
S009-20260104-0010,2026-01-04 20:03:25,S009,P005,Eggs (12 pack),Dairy,3,6.5,19.5,Transfer,C1672
S009-20260102-0011,2026-01-02 13:40:47,S009,P010,Detergent 1kg,Household,2,7.0,14.0,Transfer,C5762
S009-20260101-0012,2026-01-01 15:43:30,S009,P004,Bread Loaf,Bakery,2,3.0,6.0,Cash,C4829
S009-20260107-0013,2026-01-07 19:40:02,S009,P008,Sugar 1kg,Groceries,1,3.5,3.5,Card,C3488
S009-20260107-0014,2026-01-07 09:40:54,S009,P009,Spaghetti 500g,Groceries,2,2.5,5.0,Cash,C7273
S009-20260106-0015,2026-01-06 08:56:27,S009,P004,Bread Loaf,Bakery,5,3.0,15.0,Cash,C4600
S009-20260101-0016,2026-01-01 16:59:24,S009,P008,Sugar 1kg,Groceries,5,3.5,17.5,Cash,C2391
S009-20260106-0017,2026-01-06 20:52:01,S009,P009,Spaghetti 500g,Groceries,1,2.5,2.5,Cash,C4859
S009-20260105-0018,2026-01-05 16:15:56,S009,P007,Chicken (1kg),Meat,5,8.5,42.5,Card,C1102
S009-20260107-0019,2026-01-07 18:08:51,S009,P006,Soft Drink 50cl,Beverages,4,2.0,8.0,Card,C6184
S009-20260102-0020,2026-01-02 20:22:27,S009,P005,Eggs (12 pack),Dairy,3,6.5,19.5,Card,C2138
S009-20260105-0021,2026-01-05 18:43:12,S009,P006,Soft Drink 50cl,Beverages,3,2.0,6.0,Transfer,C8395
S009-20260106-0022,2026-01-06 10:33:25,S009,P004,Bread Loaf,Bakery,5,3.0,15.0,Transfer,C7424
S009-20260102-0023,2026-01-02 12:51:01,S009,P003,Milk 1L,Dairy,2,4.0,8.0,Card,C5299
S009-20260105-0024,2026-01-05 10:03:14,S009,P002,Cooking Oil 1L,Groceries,4,12.5,50.0,Card,C2233
S009-20260103-0025,2026-01-03 13:00:38,S009,P001,Rice 5kg,Groceries,5,25.0,125.0,Card,C4133
S009-20260105-0026,2026-01-05 18:23:49,S009,P008,Sugar 1kg,Groceries,2,3.5,7.0,Card,C7165
S009-20260105-0027,2026-01-05 11:39:21,S009,P004,Bread Loaf,Bakery,5,3.0,15.0,Transfer,C2468
S009-20260101-0028,2026-01-01 14:54:45,S009,P008,Sugar 1kg,Groceries,2,3.5,7.0,Cash,C9514
S009-20260102-0029,2026-01-02 15:24:20,S009,P004,Bread Loaf,Bakery,3,3.0,9.0,Card,C1859
S009-20260107-0030,2026-01-07 10:44:19,S009,P010,Detergent 1kg,Household,4,7.0,28.0,Cash,C3806
S009-20260102-0031,2026-01-02 16:23:35,S009,P006,Soft Drink 50cl,Beverages,3,2.0,6.0,Card,C1445
S009-20260101-0032,2026-01-01 08:43:59,S009,P002,Cooking Oil 1L,Groceries,3,12.5,37.5,Card,C5960
S009-20260107-0033,2026-01-07 12:35:54,S009,P005,Eggs (12 pack),Dairy,4,6.5,26.0,Card,C1064
S009-20260104-0034,2026-01-04 12:03:23,S009,P002,Cooking Oil 1L,Groceries,5,12.5,62.5,Transfer,C8638
S009-20260101-0035,2026-01-01 11:43:08,S009,P003,Milk 1L,Dairy,1,4.0,4.0,Card,C8406
S009-20260104-0036,2026-01-04 13:39:39,S009,P001,Rice 5kg,Groceries,2,25.0,50.0,Cash,C5114
S009-20260106-0037,2026-01-06 18:38:33,S009,P004,Bread Loaf,Bakery,5,3.0,15.0,Cash,C4421
S009-20260102-0038,2026-01-02 08:44:17,S009,P002,Cooking Oil 1L,Groceries,1,12.5,12.5,Cash,C8975
S009-20260102-0039,2026-01-02 16:48:04,S009,P001,Rice 5kg,Groceries,2,25.0,50.0,Transfer,C8436
S009-20260102-0040,2026-01-02 17:21:52,S009,P008,Sugar 1kg,Groceries,3,3.5,10.5,Transfer,C2874
S009-20260102-0041,2026-01-02 14:13:29,S009,P001,Rice 5kg,Groceries,1,25.0,25.0,Card,C7985
S009-20260107-0042,2026-01-07 18:47:13,S009,P004,Bread Loaf,Bakery,1,3.0,3.0,Transfer,C3594
S009-20260103-0043,2026-01-03 09:29:24,S009,P007,Chicken (1kg),Meat,4,8.5,34.0,Transfer,C3855
S009-20260101-0044,2026-01-01 10:31:18,S009,P007,Chicken (1kg),Meat,2,8.5,17.0,Cash,C4406
S009-20260102-0045,2026-01-02 12:23:36,S009,P006,Soft Drink 50cl,Beverages,5,2.0,10.0,Cash,C7021
S009-20260104-0046,2026-01-04 13:25:10,S009,P002,Cooking Oil 1L,Groceries,5,12.5,62.5,Transfer,C6343
S009-20260107-0047,2026-01-07 17:02:37,S009,P010,Detergent 1kg,Household,3,7.0,21.0,Transfer,C2230
S009-20260107-0048,2026-01-07 12:31:23,S009,P004,Bread Loaf,Bakery,4,3.0,12.0,Card,C4210
S009-20260107-0049,2026-01-07 15:48:35,S009,P003,Milk 1L,Dairy,3,4.0,12.0,Transfer,C5785
S009-20260107-0050,2026-01-07 16:22:34,S009,P007,Chicken (1kg),Meat,3,8.5,25.5,Transfer,C8159
S009-20260104-0051,2026-01-04 17:22:57,S009,P006,Soft Drink 50cl,Beverages,4,2.0,8.0,Card,C1073
S009-20260103-0052,2026-01-03 09:35:26,S009,P006,Soft Drink 50cl,Beverages,1,2.0,2.0,Cash,C7775
S009-20260103-0053,2026-01-03 21:21:04,S009,P002,Cooking Oil 1L,Groceries,3,12.5,37.5,Card,C1085
S009-20260103-0054,2026-01-03 17:08:55,S009,P006,Soft Drink 50cl,Beverages,4,2.0,8.0,Card,C1045
S009-20260103-0055,2026-01-03 21:10:27,S009,P005,Eggs (12 pack),Dairy,4,6.5,26.0,Transfer,C9184
S009-20260105-0056,2026-01-05 13:02:54,S009,P009,Spaghetti 500g,Groceries,1,2.5,2.5,Transfer,C5905
S009-20260106-0057,2026-01-06 14:26:53,S009,P001,Rice 5kg,Groceries,4,25.0,100.0,Cash,C4007
S009-20260105-0058,2026-01-05 13:02:45,S009,P005,Eggs (12 pack),Dairy,1,6.5,6.5,Card,C8613
S009-20260103-0059,2026-01-03 08:54:51,S009,P003,Milk 1L,Dairy,1,4.0,4.0,Card,C3587
S009-20260102-0060,2026-01-02 13:11:07,S009,P003,Milk 1L,Dairy,2,4.0,8.0,Card,C3859
S009-20260105-0061,2026-01-05 21:43:46,S009,P005,Eggs (12 pack),Dairy,3,6.5,19.5,Card,C7262
S009-20260107-0062,2026-01-07 10:57:31,S009,P007,Chicken (1kg),Meat,2,8.5,17.0,Cash,C2571
S009-20260107-0063,2026-01-07 12:32:29,S009,P005,Eggs (12 pack),Dairy,5,6.5,32.5,Transfer,C2500
S009-20260103-0064,2026-01-03 18:06:08,S009,P010,Detergent 1kg,Household,3,7.0,21.0,Cash,C4938
S009-20260106-0065,2026-01-06 16:20:14,S009,P004,Bread Loaf,Bakery,3,3.0,9.0,Card,C5805
S009-20260105-0066,2026-01-05 17:40:53,S009,P010,Detergent 1kg,Household,5,7.0,35.0,Transfer,C2090
S009-20260104-0067,2026-01-04 17:22:14,S009,P006,Soft Drink 50cl,Beverages,5,2.0,10.0,Card,C3345
S009-20260102-0068,2026-01-02 16:45:30,S009,P006,Soft Drink 50cl,Beverages,1,2.0,2.0,Cash,C1114
S009-20260105-0069,2026-01-05 19:02:04,S009,P009,Spaghetti 500g,Groceries,1,2.5,2.5,Card,C5946
S009-20260107-0070,2026-01-07 17:29:15,S009,P002,Cooking Oil 1L,Groceries,1,12.5,12.5,Cash,C7934
S009-20260102-0071,2026-01-02 11:27:54,S009,P001,Rice 5kg,Groceries,5,25.0,125.0,Card,C2577
S009-20260107-0072,2026-01-07 08:20:42,S009,P001,Rice 5kg,Groceries,3,25.0,75.0,Card,C6279
S009-20260105-0073,2026-01-05 20:24:40,S009,P002,Cooking Oil 1L,Groceries,5,12.5,62.5,Card,C5410
S009-20260101-0074,2026-01-01 08:54:45,S009,P006,Soft Drink 50cl,Beverages,5,2.0,10.0,Card,C9516
S009-20260102-0075,2026-01-02 12:58:43,S009,P005,Eggs (12 pack),Dairy,3,6.5,19.5,Card,C5465
S009-20260102-0076,2026-01-02 09:01:45,S009,P005,Eggs (12 pack),Dairy,2,6.5,13.0,Cash,C9338
S009-20260103-0077,2026-01-03 21:05:56,S009,P009,Spaghetti 500g,Groceries,2,2.5,5.0,Card,C7669
S009-20260103-0078,2026-01-03 12:36:02,S009,P008,Sugar 1kg,Groceries,5,3.5,17.5,Card,C6315
S009-20260103-0079,2026-01-03 08:45:23,S009,P005,Eggs (12 pack),Dairy,1,6.5,6.5,Cash,C2979
S009-20260105-0080,2026-01-05 08:36:13,S009,P008,Sugar 1kg,Groceries,3,3.5,10.5,Transfer,C8632
S009-20260101-0081,2026-01-01 21:54:28,S009,P010,Detergent 1kg,Household,4,7.0,28.0,Card,C1485
S009-20260107-0082,2026-01-07 18:25:05,S009,P007,Chicken (1kg),Meat,5,8.5,42.5,Cash,C4461
S009-20260107-0083,2026-01-07 13:52:06,S009,P003,Milk 1L,Dairy,5,4.0,20.0,Cash,C4358
S009-20260104-0084,2026-01-04 21:38:20,S009,P006,Soft Drink 50cl,Beverages,5,2.0,10.0,Transfer,C9816
S009-20260102-0085,2026-01-02 15:29:47,S009,P001,Rice 5kg,Groceries,4,25.0,100.0,Card,C3152
S009-20260102-0086,2026-01-02 14:38:53,S009,P002,Cooking Oil 1L,Groceries,3,12.5,37.5,Cash,C5125
S009-20260105-0087,2026-01-05 08:27:56,S009,P001,Rice 5kg,Groceries,5,25.0,125.0,Card,C9148
S009-20260104-0088,2026-01-04 09:01:00,S009,P003,Milk 1L,Dairy,2,4.0,8.0,Cash,C2260
S009-20260106-0089,2026-01-06 10:01:59,S009,P010,Detergent 1kg,Household,3,7.0,21.0,Cash,C7287
S009-20260105-0090,2026-01-05 09:21:49,S009,P008,Sugar 1kg,Groceries,2,3.5,7.0,Card,C5282
S009-20260102-0091,2026-01-02 16:22:59,S009,P007,Chicken (1kg),Meat,2,8.5,17.0,Cash,C6874
S009-20260105-0092,2026-01-05 21:32:44,S009,P005,Eggs (12 pack),Dairy,5,6.5,32.5,Card,C4977
S009-20260106-0093,2026-01-06 16:47:30,S009,P009,Spaghetti 500g,Groceries,4,2.5,10.0,Transfer,C2851
S009-20260105-0094,2026-01-05 16:05:40,S009,P002,Cooking Oil 1L,Groceries,1,12.5,12.5,Card,C4828
S009-20260107-0095,2026-01-07 15:39:20,S009,P003,Milk 1L,Dairy,2,4.0,8.0,Cash,C5357
S009-20260102-0096,2026-01-02 10:17:05,S009,P008,Sugar 1kg,Groceries,1,3.5,3.5,Card,C2610
S009-20260102-0097,2026-01-02 15:32:31,S009,P010,Detergent 1kg,Household,4,7.0,28.0,Cash,C9354
S009-20260104-0098,2026-01-04 20:52:39,S009,P001,Rice 5kg,Groceries,5,25.0,125.0,Card,C4145
S009-20260106-0099,2026-01-06 10:11:47,S009,P001,Rice 5kg,Groceries,5,25.0,125.0,Transfer,C3966
S009-20260101-0100,2026-01-01 12:18:33,S009,P005,Eggs (12 pack),Dairy,2,6.5,13.0,Transfer,C2838
S009-20260105-0101,2026-01-05 15:32:49,S009,P009,Spaghetti 500g,Groceries,1,2.5,2.5,Card,C5184
S009-20260105-0102,2026-01-05 13:30:07,S009,P001,Rice 5kg,Groceries,3,25.0,75.0,Transfer,C6582
S009-20260105-0103,2026-01-05 17:01:00,S009,P003,Milk 1L,Dairy,5,4.0,20.0,Cash,C3180
S009-20260103-0104,2026-01-03 20:06:31,S009,P001,Rice 5kg,Groceries,1,25.0,25.0,Card,C4656
S009-20260107-0105,2026-01-07 18:50:06,S009,P004,Bread Loaf,Bakery,4,3.0,12.0,Card,C5518
S009-20260102-0106,2026-01-02 12:02:14,S009,P001,Rice 5kg,Groceries,3,25.0,75.0,Card,C8749
S009-20260105-0107,2026-01-05 10:21:45,S009,P002,Cooking Oil 1L,Groceries,4,12.5,50.0,Cash,C5029
S009-20260103-0108,2026-01-03 16:07:14,S009,P007,Chicken (1kg),Meat,5,8.5,42.5,Cash,C3658
S009-20260101-0109,2026-01-01 09:40:56,S009,P006,Soft Drink 50cl,Beverages,2,2.0,4.0,Card,C8970
S009-20260105-0110,2026-01-05 14:35:23,S009,P005,Eggs (12 pack),Dairy,4,6.5,26.0,Cash,C2514
S009-20260104-0111,2026-01-04 15:00:40,S009,P001,Rice 5kg,Groceries,4,25.0,100.0,Cash,C9423
S009-20260102-0112,2026-01-02 09:52:08,S009,P005,Eggs (12 pack),Dairy,1,6.5,6.5,Card,C7184
S009-20260104-0113,2026-01-04 12:46:40,S009,P006,Soft Drink 50cl,Beverages,2,2.0,4.0,Cash,C3095
S009-20260101-0114,2026-01-01 20:44:15,S009,P006,Soft Drink 50cl,Beverages,1,2.0,2.0,Card,C2645
S009-20260101-0115,2026-01-01 11:17:16,S009,P010,Detergent 1kg,Household,4,7.0,28.0,Card,C6344
S009-20260101-0116,2026-01-01 17:08:52,S009,P010,Detergent 1kg,Household,1,7.0,7.0,Transfer,C9628
S009-20260103-0117,2026-01-03 16:37:59,S009,P010,Detergent 1kg,Household,3,7.0,21.0,Cash,C5554
S009-20260106-0118,2026-01-06 17:28:09,S009,P006,Soft Drink 50cl,Beverages,3,2.0,6.0,Card,C3403
S009-20260106-0119,2026-01-06 20:03:18,S009,P008,Sugar 1kg,Groceries,3,3.5,10.5,Transfer,C6023
S009-20260102-0120,2026-01-02 18:06:28,S009,P006,Soft Drink 50cl,Beverages,4,2.0,8.0,Cash,C5212
S009-20260105-0121,2026-01-05 08:16:52,S009,P007,Chicken (1kg),Meat,3,8.5,25.5,Cash,C5644
S009-20260103-0122,2026-01-03 12:19:26,S009,P006,Soft Drink 50cl,Beverages,4,2.0,8.0,Cash,C2117
S009-20260107-0123,2026-01-07 12:47:20,S009,P003,Milk 1L,Dairy,3,4.0,12.0,Cash,C9382
S009-20260107-0124,2026-01-07 16:34:42,S009,P007,Chicken (1kg),Meat,3,8.5,25.5,Cash,C1281
S009-20260105-0125,2026-01-05 17:14:57,S009,P001,Rice 5kg,Groceries,3,25.0,75.0,Cash,C2346
S009-20260104-0126,2026-01-04 16:18:09,S009,P002,Cooking Oil 1L,Groceries,2,12.5,25.0,Transfer,C2604
S009-20260102-0127,2026-01-02 20:27:44,S009,P010,Detergent 1kg,Household,5,7.0,35.0,Transfer,C6574
S009-20260103-0128,2026-01-03 16:14:39,S009,P004,Bread Loaf,Bakery,4,3.0,12.0,Card,C3170
S009-20260106-0129,2026-01-06 20:28:47,S009,P002,Cooking Oil 1L,Groceries,3,12.5,37.5,Cash,C3483
S009-20260102-0130,2026-01-02 12:07:10,S009,P006,Soft Drink 50cl,Beverages,1,2.0,2.0,Card,C9635
S009-20260106-0131,2026-01-06 11:17:48,S009,P002,Cooking Oil 1L,Groceries,2,12.5,25.0,Cash,C3251
S009-20260102-0132,2026-01-02 11:55:54,S009,P008,Sugar 1kg,Groceries,2,3.5,7.0,Cash,C5874
S009-20260101-0133,2026-01-01 17:30:22,S009,P004,Bread Loaf,Bakery,4,3.0,12.0,Cash,C1851
S009-20260107-0134,2026-01-07 14:15:10,S009,P004,Bread Loaf,Bakery,5,3.0,15.0,Transfer,C9020
S009-20260104-0135,2026-01-04 11:14:23,S009,P003,Milk 1L,Dairy,1,4.0,4.0,Transfer,C9699
S009-20260103-0136,2026-01-03 16:12:40,S009,P008,Sugar 1kg,Groceries,3,3.5,10.5,Cash,C9946
S009-20260107-0137,2026-01-07 20:11:26,S009,P004,Bread Loaf,Bakery,2,3.0,6.0,Transfer,C9641
S009-20260105-0138,2026-01-05 12:51:49,S009,P006,Soft Drink 50cl,Beverages,1,2.0,2.0,Card,C9574
S009-20260103-0139,2026-01-03 20:32:36,S009,P010,Detergent 1kg,Household,5,7.0,35.0,Transfer,C2529
S009-20260105-0140,2026-01-05 09:58:06,S009,P010,Detergent 1kg,Household,5,7.0,35.0,Cash,C2967
S009-20260104-0141,2026-01-04 21:56:45,S009,P009,Spaghetti 500g,Groceries,2,2.5,5.0,Cash,C1033
S009-20260104-0142,2026-01-04 12:12:12,S009,P010,Detergent 1kg,Household,3,7.0,21.0,Cash,C6057
S009-20260102-0143,2026-01-02 11:18:36,S009,P008,Sugar 1kg,Groceries,1,3.5,3.5,Transfer,C8287
S009-20260102-0144,2026-01-02 18:00:17,S009,P001,Rice 5kg,Groceries,5,25.0,125.0,Card,C4534
S009-20260102-0145,2026-01-02 12:09:17,S009,P004,Bread Loaf,Bakery,1,3.0,3.0,Transfer,C2327
S009-20260106-0146,2026-01-06 19:48:29,S009,P004,Bread Loaf,Bakery,1,3.0,3.0,Cash,C4629
S009-20260102-0147,2026-01-02 12:41:14,S009,P001,Rice 5kg,Groceries,5,25.0,125.0,Card,C9158
S009-20260107-0148,2026-01-07 10:19:16,S009,P008,Sugar 1kg,Groceries,5,3.5,17.5,Cash,C1465
S009-20260104-0149,2026-01-04 09:57:08,S009,P002,Cooking Oil 1L,Groceries,2,12.5,25.0,Cash,C9842
S009-20260105-0150,2026-01-05 14:59:38,S009,P002,Cooking Oil 1L,Groceries,1,12.5,12.5,Cash,C2826
S009-20260105-0151,2026-01-05 16:53:52,S009,P003,Milk 1L,Dairy,4,4.0,16.0,Transfer,C5603
S009-20260103-0152,2026-01-03 18:39:23,S009,P003,Milk 1L,Dairy,1,4.0,4.0,Card,C2263
S009-20260103-0153,2026-01-03 10:52:57,S009,P009,Spaghetti 500g,Groceries,2,2.5,5.0,Cash,C8594
S009-20260104-0154,2026-01-04 16:36:22,S009,P002,Cooking Oil 1L,Groceries,4,12.5,50.0,Card,C1923
S009-20260101-0155,2026-01-01 16:03:03,S009,P006,Soft Drink 50cl,Beverages,3,2.0,6.0,Cash,C1341
S009-20260107-0156,2026-01-07 10:29:28,S009,P007,Chicken (1kg),Meat,1,8.5,8.5,Cash,C3071
S009-20260102-0157,2026-01-02 09:24:08,S009,P006,Soft Drink 50cl,Beverages,4,2.0,8.0,Cash,C1401
S009-20260101-0158,2026-01-01 08:13:24,S009,P007,Chicken (1kg),Meat,5,8.5,42.5,Cash,C6115
S009-20260102-0159,2026-01-02 17:49:59,S009,P008,Sugar 1kg,Groceries,2,3.5,7.0,Card,C8389
S009-20260106-0160,2026-01-06 21:50:05,S009,P009,Spaghetti 500g,Groceries,3,2.5,7.5,Transfer,C6998
S009-20260105-0161,2026-01-05 09:55:24,S009,P004,Bread Loaf,Bakery,1,3.0,3.0,Transfer,C2755
S009-20260102-0162,2026-01-02 17:51:04,S009,P009,Spaghetti 500g,Groceries,2,2.5,5.0,Cash,C4173
S009-20260107-0163,2026-01-07 15:08:21,S009,P002,Cooking Oil 1L,Groceries,1,12.5,12.5,Cash,C9540
S009-20260101-0164,2026-01-01 19:55:13,S009,P002,Cooking Oil 1L,Groceries,1,12.5,12.5,Cash,C3504
S009-20260102-0165,2026-01-02 15:01:23,S009,P001,Rice 5kg,Groceries,4,25.0,100.0,Transfer,C5830
S009-20260105-0166,2026-01-05 19:59:11,S009,P006,Soft Drink 50cl,Beverages,2,2.0,4.0,Transfer,C3497
S009-20260105-0167,2026-01-05 10:20:18,S009,P007,Chicken (1kg),Meat,3,8.5,25.5,Transfer,C5564
S009-20260104-0168,2026-01-04 14:14:51,S009,P002,Cooking Oil 1L,Groceries,4,12.5,50.0,Card,C5864
S009-20260103-0169,2026-01-03 13:57:38,S009,P001,Rice 5kg,Groceries,2,25.0,50.0,Cash,C4691
S009-20260103-0170,2026-01-03 19:59:54,S009,P005,Eggs (12 pack),Dairy,2,6.5,13.0,Transfer,C4342
S009-20260104-0171,2026-01-04 10:16:27,S009,P007,Chicken (1kg),Meat,4,8.5,34.0,Transfer,C3059
S009-20260102-0172,2026-01-02 14:58:44,S009,P008,Sugar 1kg,Groceries,4,3.5,14.0,Cash,C5982
S009-20260106-0173,2026-01-06 15:37:00,S009,P005,Eggs (12 pack),Dairy,3,6.5,19.5,Transfer,C6494
S009-20260102-0174,2026-01-02 20:09:18,S009,P003,Milk 1L,Dairy,1,4.0,4.0,Cash,C7992
S009-20260103-0175,2026-01-03 10:23:18,S009,P010,Detergent 1kg,Household,4,7.0,28.0,Card,C7151
S009-20260103-0176,2026-01-03 11:30:05,S009,P010,Detergent 1kg,Household,4,7.0,28.0,Cash,C4097
S009-20260103-0177,2026-01-03 21:48:51,S009,P009,Spaghetti 500g,Groceries,5,2.5,12.5,Card,C4639
S009-20260101-0178,2026-01-01 09:27:02,S009,P002,Cooking Oil 1L,Groceries,3,12.5,37.5,Cash,C6623
S009-20260102-0179,2026-01-02 17:38:23,S009,P003,Milk 1L,Dairy,1,4.0,4.0,Cash,C6209
S009-20260103-0180,2026-01-03 20:11:16,S009,P001,Rice 5kg,Groceries,1,25.0,25.0,Cash,C5278
S009-20260102-0181,2026-01-02 21:40:29,S009,P010,Detergent 1kg,Household,1,7.0,7.0,Card,C7813
S009-20260107-0182,2026-01-07 16:01:33,S009,P009,Spaghetti 500g,Groceries,2,2.5,5.0,Cash,C7049
S009-20260103-0183,2026-01-03 16:41:14,S009,P007,Chicken (1kg),Meat,3,8.5,25.5,Cash,C8345
S009-20260103-0184,2026-01-03 20:39:28,S009,P010,Detergent 1kg,Household,5,7.0,35.0,Transfer,C8915
S009-20260103-0185,2026-01-03 10:22:46,S009,P005,Eggs (12 pack),Dairy,2,6.5,13.0,Card,C1947
S009-20260106-0186,2026-01-06 20:54:19,S009,P004,Bread Loaf,Bakery,4,3.0,12.0,Card,C8822
S009-20260103-0187,2026-01-03 14:32:16,S009,P010,Detergent 1kg,Household,4,7.0,28.0,Transfer,C9650
S009-20260103-0188,2026-01-03 08:51:44,S009,P008,Sugar 1kg,Groceries,5,3.5,17.5,Transfer,C8063
S009-20260107-0189,2026-01-07 15:59:11,S009,P006,Soft Drink 50cl,Beverages,2,2.0,4.0,Cash,C9381
S009-20260101-0190,2026-01-01 13:33:00,S009,P009,Spaghetti 500g,Groceries,4,2.5,10.0,Transfer,C9559
S009-20260106-0191,2026-01-06 20:59:56,S009,P010,Detergent 1kg,Household,3,7.0,21.0,Cash,C2761
S009-20260107-0192,2026-01-07 17:57:14,S009,P003,Milk 1L,Dairy,3,4.0,12.0,Card,C2163
S009-20260106-0193,2026-01-06 19:41:36,S009,P010,Detergent 1kg,Household,5,7.0,35.0,Cash,C6508
S009-20260102-0194,2026-01-02 11:28:57,S009,P002,Cooking Oil 1L,Groceries,1,12.5,12.5,Transfer,C3406
S009-20260106-0195,2026-01-06 20:39:50,S009,P006,Soft Drink 50cl,Beverages,5,2.0,10.0,Card,C4121
S009-20260103-0196,2026-01-03 09:51:49,S009,P009,Spaghetti 500g,Groceries,4,2.5,10.0,Cash,C1910
S009-20260103-0197,2026-01-03 11:52:11,S009,P001,Rice 5kg,Groceries,5,25.0,125.0,Card,C7164
S009-20260101-0198,2026-01-01 11:43:40,S009,P001,Rice 5kg,Groceries,1,25.0,25.0,Cash,C7674
S009-20260103-0199,2026-01-03 20:06:39,S009,P008,Sugar 1kg,Groceries,2,3.5,7.0,Card,C5734
S009-20260101-0200,2026-01-01 18:03:13,S009,P007,Chicken (1kg),Meat,4,8.5,34.0,Cash,C1232
S009-20260104-0201,2026-01-04 17:49:46,S009,P004,Bread Loaf,Bakery,2,3.0,6.0,Card,C9590
S009-20260105-0202,2026-01-05 12:02:04,S009,P002,Cooking Oil 1L,Groceries,4,12.5,50.0,Cash,C4106
S009-20260101-0203,2026-01-01 20:15:45,S009,P008,Sugar 1kg,Groceries,1,3.5,3.5,Card,C2660
S009-20260105-0204,2026-01-05 12:26:53,S009,P008,Sugar 1kg,Groceries,5,3.5,17.5,Cash,C8622
S009-20260104-0205,2026-01-04 20:44:14,S009,P008,Sugar 1kg,Groceries,2,3.5,7.0,Transfer,C2729
S009-20260104-0206,2026-01-04 20:36:50,S009,P003,Milk 1L,Dairy,4,4.0,16.0,Cash,C3775
S009-20260104-0207,2026-01-04 12:26:59,S009,P001,Rice 5kg,Groceries,1,25.0,25.0,Cash,C7548
S009-20260106-0208,2026-01-06 17:58:41,S009,P008,Sugar 1kg,Groceries,4,3.5,14.0,Cash,C1026
S009-20260105-0209,2026-01-05 19:29:03,S009,P002,Cooking Oil 1L,Groceries,5,12.5,62.5,Cash,C7068
S009-20260106-0210,2026-01-06 18:44:50,S009,P007,Chicken (1kg),Meat,4,8.5,34.0,Card,C2168
S009-20260105-0211,2026-01-05 08:24:06,S009,P001,Rice 5kg,Groceries,5,25.0,125.0,Transfer,C4992
S009-20260107-0212,2026-01-07 15:02:00,S009,P008,Sugar 1kg,Groceries,1,3.5,3.5,Transfer,C2642
S009-20260101-0213,2026-01-01 10:48:08,S009,P003,Milk 1L,Dairy,1,4.0,4.0,Cash,C7484
S009-20260105-0214,2026-01-05 21:13:55,S009,P010,Detergent 1kg,Household,1,7.0,7.0,Cash,C1585
S009-20260101-0215,2026-01-01 21:04:48,S009,P009,Spaghetti 500g,Groceries,1,2.5,2.5,Card,C4210
S009-20260107-0216,2026-01-07 12:46:37,S009,P002,Cooking Oil 1L,Groceries,1,12.5,12.5,Transfer,C8589
S009-20260104-0217,2026-01-04 17:33:57,S009,P008,Sugar 1kg,Groceries,1,3.5,3.5,Cash,C2800
S009-20260103-0218,2026-01-03 17:19:05,S009,P002,Cooking Oil 1L,Groceries,4,12.5,50.0,Cash,C3940
S009-20260105-0219,2026-01-05 10:47:09,S009,P006,Soft Drink 50cl,Beverages,1,2.0,2.0,Card,C5215
S009-20260107-0220,2026-01-07 10:58:58,S009,P010,Detergent 1kg,Household,3,7.0,21.0,Card,C7326
S009-20260101-0221,2026-01-01 14:28:09,S009,P002,Cooking Oil 1L,Groceries,1,12.5,12.5,Transfer,C8941
S009-20260101-0222,2026-01-01 21:50:09,S009,P006,Soft Drink 50cl,Beverages,3,2.0,6.0,Transfer,C7397
S009-20260103-0223,2026-01-03 13:02:10,S009,P005,Eggs (12 pack),Dairy,2,6.5,13.0,Transfer,C2370
S009-20260107-0224,2026-01-07 16:42:50,S009,P003,Milk 1L,Dairy,3,4.0,12.0,Transfer,C5315
S009-20260106-0225,2026-01-06 16:03:21,S009,P008,Sugar 1kg,Groceries,3,3.5,10.5,Card,C6385
S009-20260101-0226,2026-01-01 10:18:09,S009,P005,Eggs (12 pack),Dairy,2,6.5,13.0,Card,C5015
S009-20260103-0227,2026-01-03 10:14:07,S009,P008,Sugar 1kg,Groceries,3,3.5,10.5,Cash,C8252
S009-20260104-0228,2026-01-04 09:54:43,S009,P004,Bread Loaf,Bakery,2,3.0,6.0,Cash,C1272
S009-20260104-0229,2026-01-04 09:44:13,S009,P010,Detergent 1kg,Household,2,7.0,14.0,Cash,C2734
S009-20260107-0230,2026-01-07 16:26:28,S009,P007,Chicken (1kg),Meat,4,8.5,34.0,Cash,C9487
S009-20260102-0231,2026-01-02 10:32:47,S009,P008,Sugar 1kg,Groceries,5,3.5,17.5,Cash,C4199
S009-20260105-0232,2026-01-05 08:02:58,S009,P005,Eggs (12 pack),Dairy,5,6.5,32.5,Card,C1512
S009-20260106-0233,2026-01-06 17:58:24,S009,P007,Chicken (1kg),Meat,4,8.5,34.0,Transfer,C8159
S009-20260102-0234,2026-01-02 17:24:02,S009,P003,Milk 1L,Dairy,5,4.0,20.0,Transfer,C6109
S009-20260107-0235,2026-01-07 17:38:04,S009,P001,Rice 5kg,Groceries,3,25.0,75.0,Transfer,C9073
S009-20260101-0236,2026-01-01 14:19:52,S009,P010,Detergent 1kg,Household,3,7.0,21.0,Transfer,C6254
S009-20260106-0237,2026-01-06 16:54:16,S009,P005,Eggs (12 pack),Dairy,4,6.5,26.0,Cash,C8566
S009-20260106-0238,2026-01-06 09:15:44,S009,P008,Sugar 1kg,Groceries,1,3.5,3.5,Cash,C5172
S009-20260102-0239,2026-01-02 15:32:47,S009,P010,Detergent 1kg,Household,2,7.0,14.0,Card,C3859
S009-20260105-0240,2026-01-05 21:29:49,S009,P004,Bread Loaf,Bakery,2,3.0,6.0,Transfer,C3843
S009-20260107-0241,2026-01-07 15:49:24,S009,P007,Chicken (1kg),Meat,3,8.5,25.5,Cash,C9753
S009-20260106-0242,2026-01-06 12:08:31,S009,P005,Eggs (12 pack),Dairy,5,6.5,32.5,Transfer,C5745
S009-20260104-0243,2026-01-04 19:19:21,S009,P005,Eggs (12 pack),Dairy,1,6.5,6.5,Cash,C1492
S009-20260106-0244,2026-01-06 08:09:41,S009,P002,Cooking Oil 1L,Groceries,3,12.5,37.5,Cash,C7811
S009-20260103-0245,2026-01-03 20:54:57,S009,P010,Detergent 1kg,Household,3,7.0,21.0,Cash,C4297
S009-20260105-0246,2026-01-05 16:11:13,S009,P003,Milk 1L,Dairy,2,4.0,8.0,Cash,C6454
S009-20260106-0247,2026-01-06 11:13:22,S009,P007,Chicken (1kg),Meat,4,8.5,34.0,Card,C3652
S009-20260102-0248,2026-01-02 20:48:33,S009,P010,Detergent 1kg,Household,4,7.0,28.0,Transfer,C8934
S009-20260106-0249,2026-01-06 13:19:38,S009,P003,Milk 1L,Dairy,1,4.0,4.0,Transfer,C4622
S009-20260107-0250,2026-01-07 19:39:35,S009,P001,Rice 5kg,Groceries,1,25.0,25.0,Cash,C8646
S009-20260106-0251,2026-01-06 14:04:50,S009,P010,Detergent 1kg,Household,1,7.0,7.0,Transfer,C8486
S009-20260104-0252,2026-01-04 08:06:58,S009,P005,Eggs (12 pack),Dairy,1,6.5,6.5,Cash,C2294
S009-20260103-0253,2026-01-03 19:49:33,S009,P002,Cooking Oil 1L,Groceries,4,12.5,50.0,Transfer,C4471
S009-20260101-0254,2026-01-01 13:15:39,S009,P005,Eggs (12 pack),Dairy,2,6.5,13.0,Card,C2853
S009-20260103-0255,2026-01-03 16:29:56,S009,P007,Chicken (1kg),Meat,3,8.5,25.5,Cash,C2051
S009-20260104-0256,2026-01-04 11:57:38,S009,P008,Sugar 1kg,Groceries,3,3.5,10.5,Cash,C8195
S009-20260107-0257,2026-01-07 19:38:48,S009,P003,Milk 1L,Dairy,1,4.0,4.0,Transfer,C7072
S009-20260101-0258,2026-01-01 08:41:38,S009,P009,Spaghetti 500g,Groceries,1,2.5,2.5,Cash,C5338
S009-20260103-0259,2026-01-03 11:00:02,S009,P003,Milk 1L,Dairy,4,4.0,16.0,Card,C3266
S009-20260107-0260,2026-01-07 08:43:24,S009,P006,Soft Drink 50cl,Beverages,4,2.0,8.0,Card,C3392
S009-20260104-0261,2026-01-04 18:26:40,S009,P004,Bread Loaf,Bakery,5,3.0,15.0,Cash,C9620
S009-20260102-0262,2026-01-02 14:55:12,S009,P003,Milk 1L,Dairy,4,4.0,16.0,Transfer,C7835
S009-20260106-0263,2026-01-06 11:44:41,S009,P002,Cooking Oil 1L,Groceries,1,12.5,12.5,Cash,C2296
S009-20260106-0264,2026-01-06 08:29:21,S009,P004,Bread Loaf,Bakery,5,3.0,15.0,Card,C8794
S009-20260101-0265,2026-01-01 12:06:17,S009,P003,Milk 1L,Dairy,4,4.0,16.0,Card,C5781
S009-20260102-0266,2026-01-02 17:14:01,S009,P007,Chicken (1kg),Meat,3,8.5,25.5,Card,C2835
S009-20260103-0267,2026-01-03 11:32:46,S009,P004,Bread Loaf,Bakery,5,3.0,15.0,Transfer,C2036
S009-20260104-0268,2026-01-04 15:19:45,S009,P003,Milk 1L,Dairy,5,4.0,20.0,Card,C6127
S009-20260103-0269,2026-01-03 21:03:22,S009,P009,Spaghetti 500g,Groceries,3,2.5,7.5,Card,C5252
S009-20260102-0270,2026-01-02 16:50:37,S009,P005,Eggs (12 pack),Dairy,4,6.5,26.0,Transfer,C3188
S009-20260107-0271,2026-01-07 16:37:30,S009,P003,Milk 1L,Dairy,3,4.0,12.0,Cash,C8507
S009-20260105-0272,2026-01-05 16:37:34,S009,P003,Milk 1L,Dairy,2,4.0,8.0,Transfer,C5714
S009-20260103-0273,2026-01-03 13:44:18,S009,P001,Rice 5kg,Groceries,3,25.0,75.0,Cash,C1349
S009-20260101-0274,2026-01-01 09:19:40,S009,P010,Detergent 1kg,Household,5,7.0,35.0,Cash,C2794
S009-20260107-0275,2026-01-07 21:53:30,S009,P008,Sugar 1kg,Groceries,5,3.5,17.5,Cash,C5583
S009-20260103-0276,2026-01-03 11:36:47,S009,P001,Rice 5kg,Groceries,3,25.0,75.0,Card,C9952
S009-20260104-0277,2026-01-04 14:59:08,S009,P007,Chicken (1kg),Meat,5,8.5,42.5,Cash,C4521
S009-20260102-0278,2026-01-02 17:21:51,S009,P004,Bread Loaf,Bakery,1,3.0,3.0,Cash,C3094
S009-20260106-0279,2026-01-06 13:47:22,S009,P004,Bread Loaf,Bakery,5,3.0,15.0,Cash,C4003
S009-20260107-0280,2026-01-07 18:23:25,S009,P004,Bread Loaf,Bakery,4,3.0,12.0,Transfer,C8987
S009-20260106-0281,2026-01-06 19:13:06,S009,P003,Milk 1L,Dairy,3,4.0,12.0,Cash,C6933
S009-20260105-0282,2026-01-05 19:53:31,S009,P001,Rice 5kg,Groceries,1,25.0,25.0,Cash,C2556
S009-20260106-0283,2026-01-06 21:07:04,S009,P008,Sugar 1kg,Groceries,3,3.5,10.5,Cash,C4893
S009-20260106-0284,2026-01-06 11:23:35,S009,P004,Bread Loaf,Bakery,4,3.0,12.0,Cash,C5816
S009-20260107-0285,2026-01-07 17:40:11,S009,P002,Cooking Oil 1L,Groceries,3,12.5,37.5,Cash,C8024
S009-20260105-0286,2026-01-05 12:19:14,S009,P009,Spaghetti 500g,Groceries,4,2.5,10.0,Transfer,C8792
S009-20260101-0287,2026-01-01 15:59:04,S009,P004,Bread Loaf,Bakery,3,3.0,9.0,Transfer,C4534
S009-20260103-0288,2026-01-03 19:42:32,S009,P010,Detergent 1kg,Household,1,7.0,7.0,Transfer,C6731
S009-20260107-0289,2026-01-07 21:17:34,S009,P003,Milk 1L,Dairy,3,4.0,12.0,Card,C8928
S009-20260102-0290,2026-01-02 17:27:50,S009,P005,Eggs (12 pack),Dairy,2,6.5,13.0,Card,C4311
S009-20260107-0291,2026-01-07 09:27:05,S009,P003,Milk 1L,Dairy,1,4.0,4.0,Card,C3313
S009-20260105-0292,2026-01-05 14:42:34,S009,P008,Sugar 1kg,Groceries,5,3.5,17.5,Cash,C8735
S009-20260104-0293,2026-01-04 13:06:20,S009,P004,Bread Loaf,Bakery,4,3.0,12.0,Card,C3240
S009-20260101-0294,2026-01-01 19:37:28,S009,P006,Soft Drink 50cl,Beverages,1,2.0,2.0,Transfer,C7152
S009-20260105-0295,2026-01-05 17:06:43,S009,P003,Milk 1L,Dairy,5,4.0,20.0,Cash,C7484
S009-20260105-0296,2026-01-05 13:36:55,S009,P005,Eggs (12 pack),Dairy,3,6.5,19.5,Cash,C5679
S009-20260107-0297,2026-01-07 17:15:13,S009,P002,Cooking Oil 1L,Groceries,1,12.5,12.5,Cash,C7250
S009-20260107-0298,2026-01-07 18:45:34,S009,P006,Soft Drink 50cl,Beverages,3,2.0,6.0,Transfer,C3787
S009-20260104-0299,2026-01-04 19:53:08,S009,P002,Cooking Oil 1L,Groceries,5,12.5,62.5,Cash,C1160
S009-20260106-0300,2026-01-06 11:48:26,S009,P004,Bread Loaf,Bakery,2,3.0,6.0,Cash,C7051
S009-20260106-0301,2026-01-06 09:35:20,S009,P003,Milk 1L,Dairy,2,4.0,8.0,Card,C2457
S009-20260104-0302,2026-01-04 21:22:25,S009,P002,Cooking Oil 1L,Groceries,2,12.5,25.0,Card,C2013
S009-20260107-0303,2026-01-07 15:47:51,S009,P004,Bread Loaf,Bakery,5,3.0,15.0,Card,C8172
S009-20260101-0304,2026-01-01 18:42:18,S009,P009,Spaghetti 500g,Groceries,3,2.5,7.5,Card,C5439
S009-20260103-0305,2026-01-03 21:12:01,S009,P001,Rice 5kg,Groceries,4,25.0,100.0,Card,C6520
S009-20260107-0306,2026-01-07 18:48:57,S009,P008,Sugar 1kg,Groceries,4,3.5,14.0,Card,C5767
S009-20260101-0307,2026-01-01 18:56:18,S009,P007,Chicken (1kg),Meat,3,8.5,25.5,Transfer,C9215
S009-20260102-0308,2026-01-02 09:25:15,S009,P004,Bread Loaf,Bakery,2,3.0,6.0,Transfer,C4632
S009-20260107-0309,2026-01-07 20:56:15,S009,P007,Chicken (1kg),Meat,2,8.5,17.0,Cash,C8483
S009-20260106-0310,2026-01-06 13:29:44,S009,P009,Spaghetti 500g,Groceries,4,2.5,10.0,Card,C1913
S009-20260104-0311,2026-01-04 08:11:52,S009,P006,Soft Drink 50cl,Beverages,1,2.0,2.0,Card,C7255
S009-20260104-0312,2026-01-04 14:02:59,S009,P007,Chicken (1kg),Meat,5,8.5,42.5,Card,C6851
S009-20260101-0313,2026-01-01 16:59:23,S009,P003,Milk 1L,Dairy,4,4.0,16.0,Cash,C1774
S009-20260104-0314,2026-01-04 16:39:26,S009,P006,Soft Drink 50cl,Beverages,3,2.0,6.0,Transfer,C4427
S009-20260102-0315,2026-01-02 14:48:16,S009,P008,Sugar 1kg,Groceries,3,3.5,10.5,Transfer,C5254
S009-20260101-0316,2026-01-01 10:43:17,S009,P001,Rice 5kg,Groceries,3,25.0,75.0,Cash,C8142
S009-20260105-0317,2026-01-05 12:32:54,S009,P004,Bread Loaf,Bakery,3,3.0,9.0,Card,C7353
S009-20260101-0318,2026-01-01 08:00:56,S009,P002,Cooking Oil 1L,Groceries,5,12.5,62.5,Card,C3545
S009-20260101-0319,2026-01-01 16:31:06,S009,P007,Chicken (1kg),Meat,2,8.5,17.0,Card,C2994
S009-20260105-0320,2026-01-05 11:45:43,S009,P010,Detergent 1kg,Household,2,7.0,14.0,Card,C2557
S009-20260105-0321,2026-01-05 17:36:51,S009,P004,Bread Loaf,Bakery,5,3.0,15.0,Transfer,C2733
S009-20260105-0322,2026-01-05 16:30:56,S009,P010,Detergent 1kg,Household,2,7.0,14.0,Cash,C6447
S009-20260101-0323,2026-01-01 09:54:33,S009,P002,Cooking Oil 1L,Groceries,4,12.5,50.0,Card,C8480
S009-20260104-0324,2026-01-04 19:00:06,S009,P009,Spaghetti 500g,Groceries,1,2.5,2.5,Transfer,C8062
S009-20260106-0325,2026-01-06 15:43:53,S009,P006,Soft Drink 50cl,Beverages,2,2.0,4.0,Cash,C3149
S009-20260103-0326,2026-01-03 17:50:05,S009,P006,Soft Drink 50cl,Beverages,2,2.0,4.0,Card,C4683
S009-20260102-0327,2026-01-02 16:06:58,S009,P007,Chicken (1kg),Meat,4,8.5,34.0,Cash,C2317
S009-20260104-0328,2026-01-04 15:12:04,S009,P004,Bread Loaf,Bakery,1,3.0,3.0,Transfer,C8551
S009-20260103-0329,2026-01-03 17:15:07,S009,P004,Bread Loaf,Bakery,3,3.0,9.0,Cash,C9010
S009-20260106-0330,2026-01-06 14:51:11,S009,P006,Soft Drink 50cl,Beverages,3,2.0,6.0,Card,C9058
S009-20260104-0331,2026-01-04 18:23:04,S009,P002,Cooking Oil 1L,Groceries,5,12.5,62.5,Transfer,C6250
S009-20260104-0332,2026-01-04 20:56:27,S009,P006,Soft Drink 50cl,Beverages,1,2.0,2.0,Cash,C2797
S009-20260104-0333,2026-01-04 10:30:06,S009,P006,Soft Drink 50cl,Beverages,3,2.0,6.0,Card,C4183
S009-20260104-0334,2026-01-04 10:34:05,S009,P004,Bread Loaf,Bakery,3,3.0,9.0,Cash,C6468
S009-20260101-0335,2026-01-01 11:12:18,S009,P007,Chicken (1kg),Meat,1,8.5,8.5,Card,C6098
S009-20260105-0336,2026-01-05 14:54:40,S009,P009,Spaghetti 500g,Groceries,4,2.5,10.0,Cash,C5940
S009-20260106-0337,2026-01-06 19:18:27,S009,P006,Soft Drink 50cl,Beverages,3,2.0,6.0,Card,C9828
S009-20260102-0338,2026-01-02 09:32:54,S009,P008,Sugar 1kg,Groceries,2,3.5,7.0,Card,C3898
S009-20260101-0339,2026-01-01 20:08:57,S009,P006,Soft Drink 50cl,Beverages,3,2.0,6.0,Card,C9021
S009-20260104-0340,2026-01-04 12:52:02,S009,P006,Soft Drink 50cl,Beverages,1,2.0,2.0,Cash,C2066
S009-20260103-0341,2026-01-03 09:13:19,S009,P007,Chicken (1kg),Meat,3,8.5,25.5,Cash,C7812
S009-20260103-0342,2026-01-03 19:26:39,S009,P010,Detergent 1kg,Household,4,7.0,28.0,Card,C4590
S009-20260105-0343,2026-01-05 15:50:17,S009,P005,Eggs (12 pack),Dairy,4,6.5,26.0,Transfer,C2281
S009-20260102-0344,2026-01-02 12:05:10,S009,P006,Soft Drink 50cl,Beverages,2,2.0,4.0,Card,C9497
S009-20260107-0345,2026-01-07 19:59:57,S009,P004,Bread Loaf,Bakery,3,3.0,9.0,Transfer,C2429
S009-20260101-0346,2026-01-01 14:23:49,S009,P008,Sugar 1kg,Groceries,2,3.5,7.0,Card,C8299
S009-20260104-0347,2026-01-04 21:24:23,S009,P007,Chicken (1kg),Meat,2,8.5,17.0,Transfer,C1698
S009-20260104-0348,2026-01-04 21:31:40,S009,P001,Rice 5kg,Groceries,2,25.0,50.0,Transfer,C4819
S009-20260102-0349,2026-01-02 14:28:54,S009,P008,Sugar 1kg,Groceries,4,3.5,14.0,Cash,C2555
S009-20260101-0350,2026-01-01 21:47:57,S009,P009,Spaghetti 500g,Groceries,3,2.5,7.5,Cash,C8686
S009-20260101-0351,2026-01-01 19:49:48,S009,P002,Cooking Oil 1L,Groceries,5,12.5,62.5,Cash,C1900
S009-20260101-0352,2026-01-01 11:42:58,S009,P005,Eggs (12 pack),Dairy,1,6.5,6.5,Card,C5022
S009-20260103-0353,2026-01-03 19:48:32,S009,P003,Milk 1L,Dairy,4,4.0,16.0,Card,C2857
S009-20260104-0354,2026-01-04 11:43:46,S009,P003,Milk 1L,Dairy,1,4.0,4.0,Cash,C1176
S009-20260104-0355,2026-01-04 14:25:18,S009,P007,Chicken (1kg),Meat,3,8.5,25.5,Cash,C9217
S009-20260103-0356,2026-01-03 15:32:50,S009,P009,Spaghetti 500g,Groceries,4,2.5,10.0,Card,C8651
S009-20260105-0357,2026-01-05 16:32:19,S009,P006,Soft Drink 50cl,Beverages,5,2.0,10.0,Card,C9054
S009-20260105-0358,2026-01-05 19:56:22,S009,P008,Sugar 1kg,Groceries,5,3.5,17.5,Card,C2621
S009-20260103-0359,2026-01-03 21:38:05,S009,P008,Sugar 1kg,Groceries,5,3.5,17.5,Transfer,C7827
S009-20260101-0360,2026-01-01 18:55:39,S009,P001,Rice 5kg,Groceries,4,25.0,100.0,Card,C3898
S009-20260107-0361,2026-01-07 11:40:45,S009,P010,Detergent 1kg,Household,3,7.0,21.0,Cash,C9829
S009-20260107-0362,2026-01-07 18:54:46,S009,P004,Bread Loaf,Bakery,2,3.0,6.0,Transfer,C9466
S009-20260104-0363,2026-01-04 14:33:54,S009,P007,Chicken (1kg),Meat,5,8.5,42.5,Transfer,C9604
S009-20260103-0364,2026-01-03 10:01:01,S009,P004,Bread Loaf,Bakery,2,3.0,6.0,Transfer,C6422
S009-20260101-0365,2026-01-01 18:14:03,S009,P006,Soft Drink 50cl,Beverages,2,2.0,4.0,Cash,C2583
S009-20260103-0366,2026-01-03 20:10:02,S009,P008,Sugar 1kg,Groceries,4,3.5,14.0,Cash,C2559
S009-20260107-0367,2026-01-07 11:13:21,S009,P003,Milk 1L,Dairy,5,4.0,20.0,Cash,C7120
S009-20260104-0368,2026-01-04 14:03:15,S009,P010,Detergent 1kg,Household,4,7.0,28.0,Transfer,C2157
S009-20260101-0369,2026-01-01 16:17:50,S009,P010,Detergent 1kg,Household,2,7.0,14.0,Transfer,C8829
S009-20260101-0370,2026-01-01 12:49:20,S009,P004,Bread Loaf,Bakery,5,3.0,15.0,Transfer,C9892
S009-20260104-0371,2026-01-04 14:04:09,S009,P010,Detergent 1kg,Household,4,7.0,28.0,Card,C7172
S009-20260102-0372,2026-01-02 09:40:54,S009,P004,Bread Loaf,Bakery,3,3.0,9.0,Cash,C6257
S009-20260104-0373,2026-01-04 20:04:17,S009,P004,Bread Loaf,Bakery,1,3.0,3.0,Cash,C4233
S009-20260106-0374,2026-01-06 16:40:12,S009,P005,Eggs (12 pack),Dairy,5,6.5,32.5,Transfer,C6942
S009-20260102-0375,2026-01-02 09:11:55,S009,P001,Rice 5kg,Groceries,1,25.0,25.0,Card,C6435
S009-20260105-0376,2026-01-05 08:19:03,S009,P001,Rice 5kg,Groceries,2,25.0,50.0,Cash,C8391
S009-20260101-0377,2026-01-01 11:25:45,S009,P005,Eggs (12 pack),Dairy,2,6.5,13.0,Transfer,C9043
S009-20260106-0378,2026-01-06 11:13:04,S009,P004,Bread Loaf,Bakery,3,3.0,9.0,Transfer,C3442
S009-20260103-0379,2026-01-03 09:18:56,S009,P008,Sugar 1kg,Groceries,1,3.5,3.5,Transfer,C8902
S009-20260107-0380,2026-01-07 21:25:10,S009,P002,Cooking Oil 1L,Groceries,4,12.5,50.0,Transfer,C8684
S009-20260105-0381,2026-01-05 21:59:42,S009,P005,Eggs (12 pack),Dairy,2,6.5,13.0,Transfer,C3910
S009-20260101-0382,2026-01-01 08:52:06,S009,P008,Sugar 1kg,Groceries,2,3.5,7.0,Card,C5383
S009-20260105-0383,2026-01-05 20:08:05,S009,P006,Soft Drink 50cl,Beverages,1,2.0,2.0,Transfer,C6522
S009-20260101-0384,2026-01-01 19:59:31,S009,P010,Detergent 1kg,Household,4,7.0,28.0,Cash,C4684
S009-20260102-0385,2026-01-02 12:43:03,S009,P005,Eggs (12 pack),Dairy,5,6.5,32.5,Cash,C2315
S009-20260105-0386,2026-01-05 14:44:41,S009,P006,Soft Drink 50cl,Beverages,1,2.0,2.0,Card,C7425
S009-20260102-0387,2026-01-02 15:05:17,S009,P006,Soft Drink 50cl,Beverages,4,2.0,8.0,Cash,C7948
S009-20260103-0388,2026-01-03 19:34:57,S009,P007,Chicken (1kg),Meat,5,8.5,42.5,Card,C4509
S009-20260104-0389,2026-01-04 16:23:44,S009,P008,Sugar 1kg,Groceries,4,3.5,14.0,Cash,C8587
S009-20260101-0390,2026-01-01 10:04:36,S009,P010,Detergent 1kg,Household,5,7.0,35.0,Transfer,C2415
S009-20260104-0391,2026-01-04 14:46:47,S009,P008,Sugar 1kg,Groceries,1,3.5,3.5,Card,C9019
S009-20260106-0392,2026-01-06 08:00:08,S009,P003,Milk 1L,Dairy,4,4.0,16.0,Card,C7945
S009-20260107-0393,2026-01-07 10:47:17,S009,P005,Eggs (12 pack),Dairy,3,6.5,19.5,Cash,C9286
S009-20260107-0394,2026-01-07 12:12:00,S009,P001,Rice 5kg,Groceries,2,25.0,50.0,Card,C9142
S009-20260105-0395,2026-01-05 18:48:02,S009,P007,Chicken (1kg),Meat,3,8.5,25.5,Card,C6578
S009-20260107-0396,2026-01-07 17:19:47,S009,P010,Detergent 1kg,Household,1,7.0,7.0,Card,C9855
S009-20260104-0397,2026-01-04 16:41:46,S009,P005,Eggs (12 pack),Dairy,5,6.5,32.5,Card,C8971
S009-20260106-0398,2026-01-06 12:38:45,S009,P004,Bread Loaf,Bakery,2,3.0,6.0,Cash,C3313
S009-20260102-0399,2026-01-02 14:35:54,S009,P007,Chicken (1kg),Meat,5,8.5,42.5,Card,C4391
S009-20260104-0400,2026-01-04 13:23:47,S009,P008,Sugar 1kg,Groceries,5,3.5,17.5,Cash,C5701
S009-20260103-0401,2026-01-03 15:45:44,S009,P007,Chicken (1kg),Meat,3,8.5,25.5,Cash,C3348
S009-20260103-0402,2026-01-03 19:26:18,S009,P004,Bread Loaf,Bakery,1,3.0,3.0,Transfer,C2828
S009-20260102-0403,2026-01-02 10:09:11,S009,P006,Soft Drink 50cl,Beverages,4,2.0,8.0,Cash,C5238
S009-20260101-0404,2026-01-01 10:10:26,S009,P007,Chicken (1kg),Meat,3,8.5,25.5,Transfer,C7118
S009-20260106-0405,2026-01-06 20:00:36,S009,P005,Eggs (12 pack),Dairy,3,6.5,19.5,Cash,C8266
S009-20260102-0406,2026-01-02 09:18:49,S009,P010,Detergent 1kg,Household,2,7.0,14.0,Card,C7945
S009-20260104-0407,2026-01-04 10:09:51,S009,P005,Eggs (12 pack),Dairy,4,6.5,26.0,Card,C1039
S009-20260102-0408,2026-01-02 16:09:51,S009,P009,Spaghetti 500g,Groceries,1,2.5,2.5,Card,C2151
S009-20260101-0409,2026-01-01 08:09:16,S009,P006,Soft Drink 50cl,Beverages,5,2.0,10.0,Transfer,C9653
S009-20260106-0410,2026-01-06 20:27:17,S009,P002,Cooking Oil 1L,Groceries,4,12.5,50.0,Card,C4920
S009-20260105-0411,2026-01-05 17:53:24,S009,P010,Detergent 1kg,Household,4,7.0,28.0,Card,C4667
S009-20260107-0412,2026-01-07 20:39:49,S009,P004,Bread Loaf,Bakery,2,3.0,6.0,Card,C4209
S009-20260105-0413,2026-01-05 15:52:27,S009,P009,Spaghetti 500g,Groceries,5,2.5,12.5,Cash,C7529
S009-20260105-0414,2026-01-05 17:50:33,S009,P003,Milk 1L,Dairy,3,4.0,12.0,Card,C8330
S009-20260102-0415,2026-01-02 16:55:46,S009,P007,Chicken (1kg),Meat,5,8.5,42.5,Cash,C7207
S009-20260103-0416,2026-01-03 10:47:09,S009,P004,Bread Loaf,Bakery,3,3.0,9.0,Cash,C4860
S009-20260104-0417,2026-01-04 16:31:14,S009,P006,Soft Drink 50cl,Beverages,2,2.0,4.0,Cash,C9565
S009-20260101-0418,2026-01-01 14:33:16,S009,P010,Detergent 1kg,Household,4,7.0,28.0,Cash,C4227
S009-20260102-0419,2026-01-02 12:11:38,S009,P010,Detergent 1kg,Household,3,7.0,21.0,Cash,C7465
S009-20260104-0420,2026-01-04 10:46:09,S009,P007,Chicken (1kg),Meat,4,8.5,34.0,Cash,C2444
S009-20260101-0421,2026-01-01 15:25:28,S009,P008,Sugar 1kg,Groceries,4,3.5,14.0,Transfer,C9819
S009-20260107-0422,2026-01-07 14:28:42,S009,P004,Bread Loaf,Bakery,5,3.0,15.0,Card,C9728
S009-20260101-0423,2026-01-01 17:02:22,S009,P010,Detergent 1kg,Household,4,7.0,28.0,Cash,C8048
S009-20260105-0424,2026-01-05 20:36:57,S009,P010,Detergent 1kg,Household,2,7.0,14.0,Cash,C6923
S009-20260102-0425,2026-01-02 19:31:17,S009,P001,Rice 5kg,Groceries,4,25.0,100.0,Cash,C5199
S009-20260102-0426,2026-01-02 14:07:03,S009,P004,Bread Loaf,Bakery,2,3.0,6.0,Cash,C8737
S009-20260104-0427,2026-01-04 11:24:22,S009,P002,Cooking Oil 1L,Groceries,5,12.5,62.5,Card,C2819
S009-20260105-0428,2026-01-05 16:52:26,S009,P007,Chicken (1kg),Meat,1,8.5,8.5,Cash,C5933
S009-20260101-0429,2026-01-01 14:15:23,S009,P008,Sugar 1kg,Groceries,2,3.5,7.0,Cash,C7602
S009-20260107-0430,2026-01-07 11:38:35,S009,P006,Soft Drink 50cl,Beverages,4,2.0,8.0,Transfer,C7500
S009-20260106-0431,2026-01-06 19:33:20,S009,P001,Rice 5kg,Groceries,1,25.0,25.0,Card,C5899
S009-20260107-0432,2026-01-07 11:32:41,S009,P006,Soft Drink 50cl,Beverages,5,2.0,10.0,Transfer,C1135
S009-20260101-0433,2026-01-01 17:39:51,S009,P010,Detergent 1kg,Household,5,7.0,35.0,Card,C3638
S009-20260107-0434,2026-01-07 19:17:41,S009,P006,Soft Drink 50cl,Beverages,1,2.0,2.0,Transfer,C2061
S009-20260107-0435,2026-01-07 12:39:01,S009,P005,Eggs (12 pack),Dairy,5,6.5,32.5,Transfer,C4661
S009-20260103-0436,2026-01-03 19:38:31,S009,P006,Soft Drink 50cl,Beverages,3,2.0,6.0,Cash,C5703
S009-20260107-0437,2026-01-07 13:15:24,S009,P005,Eggs (12 pack),Dairy,5,6.5,32.5,Card,C2643
S009-20260106-0438,2026-01-06 08:31:31,S009,P010,Detergent 1kg,Household,5,7.0,35.0,Card,C8479
S009-20260102-0439,2026-01-02 10:10:09,S009,P007,Chicken (1kg),Meat,3,8.5,25.5,Transfer,C7207
S009-20260106-0440,2026-01-06 18:05:48,S009,P006,Soft Drink 50cl,Beverages,2,2.0,4.0,Cash,C1559
S009-20260101-0441,2026-01-01 10:31:00,S009,P003,Milk 1L,Dairy,4,4.0,16.0,Transfer,C1981
S009-20260107-0442,2026-01-07 21:30:53,S009,P007,Chicken (1kg),Meat,5,8.5,42.5,Card,C8158
S009-20260106-0443,2026-01-06 17:15:54,S009,P009,Spaghetti 500g,Groceries,1,2.5,2.5,Transfer,C2773
S009-20260103-0444,2026-01-03 13:15:55,S009,P009,Spaghetti 500g,Groceries,4,2.5,10.0,Card,C1160
S009-20260101-0445,2026-01-01 14:33:57,S009,P002,Cooking Oil 1L,Groceries,2,12.5,25.0,Transfer,C1614
S009-20260104-0446,2026-01-04 13:55:00,S009,P001,Rice 5kg,Groceries,1,25.0,25.0,Card,C2325
S009-20260103-0447,2026-01-03 13:33:56,S009,P006,Soft Drink 50cl,Beverages,5,2.0,10.0,Cash,C3568
S009-20260107-0448,2026-01-07 10:55:16,S009,P005,Eggs (12 pack),Dairy,3,6.5,19.5,Cash,C8145
S009-20260103-0449,2026-01-03 10:13:11,S009,P003,Milk 1L,Dairy,1,4.0,4.0,Cash,C9783
S009-20260105-0450,2026-01-05 12:17:49,S009,P002,Cooking Oil 1L,Groceries,2,12.5,25.0,Card,C7121
S009-20260106-0451,2026-01-06 09:58:28,S009,P007,Chicken (1kg),Meat,5,8.5,42.5,Card,C4417
S009-20260101-0452,2026-01-01 11:35:05,S009,P006,Soft Drink 50cl,Beverages,4,2.0,8.0,Card,C1681
S009-20260104-0453,2026-01-04 08:22:47,S009,P007,Chicken (1kg),Meat,5,8.5,42.5,Cash,C2067
S009-20260101-0454,2026-01-01 21:27:52,S009,P004,Bread Loaf,Bakery,4,3.0,12.0,Transfer,C2043
S009-20260107-0455,2026-01-07 10:33:54,S009,P008,Sugar 1kg,Groceries,3,3.5,10.5,Cash,C9232
S009-20260106-0456,2026-01-06 09:04:29,S009,P004,Bread Loaf,Bakery,1,3.0,3.0,Card,C4755
S009-20260107-0457,2026-01-07 16:09:04,S009,P005,Eggs (12 pack),Dairy,3,6.5,19.5,Cash,C8222
S009-20260107-0458,2026-01-07 16:37:38,S009,P010,Detergent 1kg,Household,5,7.0,35.0,Cash,C9279
S009-20260105-0459,2026-01-05 11:00:49,S009,P003,Milk 1L,Dairy,5,4.0,20.0,Cash,C6908
S009-20260102-0460,2026-01-02 09:32:22,S009,P001,Rice 5kg,Groceries,3,25.0,75.0,Cash,C1855
S009-20260105-0461,2026-01-05 11:47:06,S009,P010,Detergent 1kg,Household,1,7.0,7.0,Cash,C7691
S009-20260101-0462,2026-01-01 12:44:46,S009,P009,Spaghetti 500g,Groceries,3,2.5,7.5,Card,C9655
S009-20260105-0463,2026-01-05 14:20:16,S009,P010,Detergent 1kg,Household,5,7.0,35.0,Cash,C5453
S009-20260103-0464,2026-01-03 08:38:55,S009,P004,Bread Loaf,Bakery,5,3.0,15.0,Transfer,C8010
S009-20260103-0465,2026-01-03 12:29:04,S009,P010,Detergent 1kg,Household,2,7.0,14.0,Transfer,C1842
S009-20260106-0466,2026-01-06 13:16:32,S009,P008,Sugar 1kg,Groceries,3,3.5,10.5,Card,C1605
S009-20260103-0467,2026-01-03 14:24:09,S009,P004,Bread Loaf,Bakery,1,3.0,3.0,Transfer,C1774
S009-20260107-0468,2026-01-07 13:25:00,S009,P010,Detergent 1kg,Household,3,7.0,21.0,Cash,C7411
S009-20260107-0469,2026-01-07 09:23:00,S009,P002,Cooking Oil 1L,Groceries,2,12.5,25.0,Transfer,C4623
S009-20260103-0470,2026-01-03 08:26:25,S009,P006,Soft Drink 50cl,Beverages,4,2.0,8.0,Card,C1905
S009-20260107-0471,2026-01-07 21:23:01,S009,P006,Soft Drink 50cl,Beverages,5,2.0,10.0,Cash,C9377
S009-20260107-0472,2026-01-07 13:41:23,S009,P008,Sugar 1kg,Groceries,4,3.5,14.0,Cash,C9811
S009-20260105-0473,2026-01-05 11:52:51,S009,P008,Sugar 1kg,Groceries,5,3.5,17.5,Card,C5073
S009-20260105-0474,2026-01-05 09:59:38,S009,P005,Eggs (12 pack),Dairy,4,6.5,26.0,Cash,C8563
S009-20260102-0475,2026-01-02 17:53:37,S009,P001,Rice 5kg,Groceries,2,25.0,50.0,Cash,C3497
S009-20260101-0476,2026-01-01 19:50:49,S009,P010,Detergent 1kg,Household,4,7.0,28.0,Transfer,C1299
S009-20260105-0477,2026-01-05 09:01:08,S009,P008,Sugar 1kg,Groceries,4,3.5,14.0,Transfer,C5456
S009-20260104-0478,2026-01-04 09:58:48,S009,P005,Eggs (12 pack),Dairy,2,6.5,13.0,Cash,C4733
S009-20260102-0479,2026-01-02 09:06:04,S009,P010,Detergent 1kg,Household,1,7.0,7.0,Cash,C7824
S009-20260107-0480,2026-01-07 18:08:15,S009,P008,Sugar 1kg,Groceries,4,3.5,14.0,Cash,C2786
S009-20260107-0481,2026-01-07 11:54:50,S009,P004,Bread Loaf,Bakery,1,3.0,3.0,Card,C9802
S009-20260102-0482,2026-01-02 09:16:23,S009,P003,Milk 1L,Dairy,2,4.0,8.0,Card,C1214
S009-20260102-0483,2026-01-02 12:24:13,S009,P004,Bread Loaf,Bakery,2,3.0,6.0,Card,C5329
S009-20260106-0484,2026-01-06 10:51:23,S009,P007,Chicken (1kg),Meat,3,8.5,25.5,Card,C7433
S009-20260104-0485,2026-01-04 20:34:02,S009,P006,Soft Drink 50cl,Beverages,5,2.0,10.0,Cash,C1812
S009-20260106-0486,2026-01-06 13:58:35,S009,P010,Detergent 1kg,Household,3,7.0,21.0,Transfer,C4526
S009-20260105-0487,2026-01-05 09:20:30,S009,P006,Soft Drink 50cl,Beverages,1,2.0,2.0,Transfer,C6144
S009-20260103-0488,2026-01-03 11:43:34,S009,P006,Soft Drink 50cl,Beverages,4,2.0,8.0,Card,C1808
S009-20260104-0489,2026-01-04 15:39:58,S009,P005,Eggs (12 pack),Dairy,5,6.5,32.5,Transfer,C2746
S009-20260107-0490,2026-01-07 12:56:33,S009,P009,Spaghetti 500g,Groceries,1,2.5,2.5,Cash,C2870
S009-20260103-0491,2026-01-03 12:27:26,S009,P002,Cooking Oil 1L,Groceries,5,12.5,62.5,Card,C6588
S009-20260103-0492,2026-01-03 09:29:05,S009,P001,Rice 5kg,Groceries,1,25.0,25.0,Transfer,C7662
S009-20260103-0493,2026-01-03 14:53:09,S009,P007,Chicken (1kg),Meat,4,8.5,34.0,Card,C6931
S009-20260103-0494,2026-01-03 21:50:20,S009,P006,Soft Drink 50cl,Beverages,2,2.0,4.0,Transfer,C7537
S009-20260102-0495,2026-01-02 15:59:51,S009,P008,Sugar 1kg,Groceries,4,3.5,14.0,Card,C6770
S009-20260105-0496,2026-01-05 17:02:10,S009,P004,Bread Loaf,Bakery,3,3.0,9.0,Cash,C3175
S009-20260102-0497,2026-01-02 20:35:06,S009,P007,Chicken (1kg),Meat,2,8.5,17.0,Cash,C8029
S009-20260103-0498,2026-01-03 16:54:19,S009,P010,Detergent 1kg,Household,1,7.0,7.0,Card,C7423
S009-20260101-0499,2026-01-01 12:24:56,S009,P003,Milk 1L,Dairy,5,4.0,20.0,Card,C7617
S009-20260102-0500,2026-01-02 19:21:34,S009,P001,Rice 5kg,Groceries,3,25.0,75.0,Transfer,C4289
S009-20260101-0501,2026-01-01 18:23:05,S009,P004,Bread Loaf,Bakery,1,3.0,3.0,Card,C4227
S009-20260103-0502,2026-01-03 14:07:52,S009,P002,Cooking Oil 1L,Groceries,4,12.5,50.0,Transfer,C3684
S009-20260104-0503,2026-01-04 16:18:30,S009,P004,Bread Loaf,Bakery,3,3.0,9.0,Cash,C4136
S009-20260104-0504,2026-01-04 10:47:11,S009,P004,Bread Loaf,Bakery,5,3.0,15.0,Transfer,C2806
S009-20260104-0505,2026-01-04 20:24:04,S009,P010,Detergent 1kg,Household,4,7.0,28.0,Card,C3787
S009-20260103-0506,2026-01-03 16:34:21,S009,P009,Spaghetti 500g,Groceries,3,2.5,7.5,Card,C2968
S009-20260102-0507,2026-01-02 18:45:48,S009,P006,Soft Drink 50cl,Beverages,4,2.0,8.0,Cash,C9646
S009-20260104-0508,2026-01-04 12:28:17,S009,P001,Rice 5kg,Groceries,4,25.0,100.0,Cash,C8809
S009-20260102-0509,2026-01-02 17:40:26,S009,P002,Cooking Oil 1L,Groceries,4,12.5,50.0,Cash,C6595
S009-20260104-0510,2026-01-04 15:37:36,S009,P001,Rice 5kg,Groceries,4,25.0,100.0,Cash,C4979
S009-20260106-0511,2026-01-06 12:16:09,S009,P006,Soft Drink 50cl,Beverages,1,2.0,2.0,Cash,C1615
S009-20260105-0512,2026-01-05 13:16:21,S009,P006,Soft Drink 50cl,Beverages,1,2.0,2.0,Card,C3065
S009-20260103-0513,2026-01-03 09:23:59,S009,P003,Milk 1L,Dairy,5,4.0,20.0,Transfer,C4881
S009-20260103-0514,2026-01-03 16:16:00,S009,P002,Cooking Oil 1L,Groceries,4,12.5,50.0,Transfer,C2427
S009-20260106-0515,2026-01-06 15:03:57,S009,P007,Chicken (1kg),Meat,3,8.5,25.5,Card,C2921
S009-20260103-0516,2026-01-03 12:20:13,S009,P004,Bread Loaf,Bakery,4,3.0,12.0,Card,C6726
S009-20260107-0517,2026-01-07 10:01:06,S009,P006,Soft Drink 50cl,Beverages,4,2.0,8.0,Card,C5523
S009-20260104-0518,2026-01-04 18:06:24,S009,P005,Eggs (12 pack),Dairy,1,6.5,6.5,Cash,C8766
S009-20260102-0519,2026-01-02 11:30:27,S009,P009,Spaghetti 500g,Groceries,3,2.5,7.5,Cash,C2452
S009-20260102-0520,2026-01-02 12:04:40,S009,P008,Sugar 1kg,Groceries,5,3.5,17.5,Cash,C1094
S009-20260104-0521,2026-01-04 09:36:23,S009,P008,Sugar 1kg,Groceries,1,3.5,3.5,Card,C5900
S009-20260103-0522,2026-01-03 09:19:37,S009,P006,Soft Drink 50cl,Beverages,1,2.0,2.0,Cash,C6884
S009-20260103-0523,2026-01-03 16:49:12,S009,P009,Spaghetti 500g,Groceries,4,2.5,10.0,Transfer,C7285
S009-20260105-0524,2026-01-05 08:55:29,S009,P003,Milk 1L,Dairy,5,4.0,20.0,Cash,C2276
S009-20260107-0525,2026-01-07 21:33:03,S009,P009,Spaghetti 500g,Groceries,3,2.5,7.5,Cash,C9527
S009-20260105-0526,2026-01-05 09:24:52,S009,P009,Spaghetti 500g,Groceries,3,2.5,7.5,Card,C8674
S009-20260106-0527,2026-01-06 10:12:41,S009,P001,Rice 5kg,Groceries,5,25.0,125.0,Card,C8465
S009-20260101-0528,2026-01-01 20:19:46,S009,P007,Chicken (1kg),Meat,3,8.5,25.5,Cash,C1052
S009-20260102-0529,2026-01-02 08:42:00,S009,P007,Chicken (1kg),Meat,1,8.5,8.5,Cash,C3037
S009-20260106-0530,2026-01-06 17:39:03,S009,P009,Spaghetti 500g,Groceries,1,2.5,2.5,Transfer,C8854
S009-20260102-0531,2026-01-02 11:03:01,S009,P003,Milk 1L,Dairy,4,4.0,16.0,Card,C7186
S009-20260102-0532,2026-01-02 19:08:51,S009,P008,Sugar 1kg,Groceries,2,3.5,7.0,Cash,C9130
S009-20260102-0533,2026-01-02 21:27:39,S009,P006,Soft Drink 50cl,Beverages,1,2.0,2.0,Cash,C4400
S009-20260102-0534,2026-01-02 18:24:56,S009,P001,Rice 5kg,Groceries,3,25.0,75.0,Card,C5265
S009-20260104-0535,2026-01-04 11:22:13,S009,P006,Soft Drink 50cl,Beverages,2,2.0,4.0,Cash,C6997
S009-20260103-0536,2026-01-03 17:13:03,S009,P006,Soft Drink 50cl,Beverages,2,2.0,4.0,Transfer,C8671
S009-20260102-0537,2026-01-02 20:19:53,S009,P006,Soft Drink 50cl,Beverages,1,2.0,2.0,Cash,C6680
S009-20260107-0538,2026-01-07 17:37:27,S009,P005,Eggs (12 pack),Dairy,2,6.5,13.0,Card,C7223
S009-20260107-0539,2026-01-07 08:45:01,S009,P010,Detergent 1kg,Household,5,7.0,35.0,Card,C8510
S009-20260102-0540,2026-01-02 15:16:56,S009,P001,Rice 5kg,Groceries,3,25.0,75.0,Cash,C4970
S009-20260101-0541,2026-01-01 21:24:18,S009,P002,Cooking Oil 1L,Groceries,1,12.5,12.5,Card,C2458
S009-20260106-0542,2026-01-06 11:27:23,S009,P007,Chicken (1kg),Meat,3,8.5,25.5,Card,C3562
S009-20260106-0543,2026-01-06 13:59:18,S009,P003,Milk 1L,Dairy,4,4.0,16.0,Cash,C7762
S009-20260102-0544,2026-01-02 16:48:41,S009,P010,Detergent 1kg,Household,2,7.0,14.0,Cash,C9530
S009-20260103-0545,2026-01-03 11:23:54,S009,P008,Sugar 1kg,Groceries,5,3.5,17.5,Transfer,C4074
S009-20260105-0546,2026-01-05 18:38:20,S009,P010,Detergent 1kg,Household,3,7.0,21.0,Cash,C3739
S009-20260102-0547,2026-01-02 13:04:41,S009,P008,Sugar 1kg,Groceries,3,3.5,10.5,Transfer,C6276
S009-20260102-0548,2026-01-02 17:17:39,S009,P008,Sugar 1kg,Groceries,4,3.5,14.0,Cash,C7000
S009-20260103-0549,2026-01-03 09:10:32,S009,P009,Spaghetti 500g,Groceries,5,2.5,12.5,Card,C8137
S009-20260102-0550,2026-01-02 16:12:27,S009,P008,Sugar 1kg,Groceries,4,3.5,14.0,Card,C8439
S009-20260101-0551,2026-01-01 11:05:47,S009,P001,Rice 5kg,Groceries,1,25.0,25.0,Cash,C2169
S009-20260102-0552,2026-01-02 11:41:48,S009,P009,Spaghetti 500g,Groceries,4,2.5,10.0,Cash,C4444
S009-20260106-0553,2026-01-06 20:43:50,S009,P005,Eggs (12 pack),Dairy,2,6.5,13.0,Cash,C5706
S009-20260106-0554,2026-01-06 16:13:52,S009,P006,Soft Drink 50cl,Beverages,3,2.0,6.0,Card,C6432
S009-20260107-0555,2026-01-07 20:29:18,S009,P010,Detergent 1kg,Household,5,7.0,35.0,Card,C4785
S009-20260105-0556,2026-01-05 14:56:33,S009,P004,Bread Loaf,Bakery,5,3.0,15.0,Card,C6931
S009-20260102-0557,2026-01-02 13:55:18,S009,P004,Bread Loaf,Bakery,1,3.0,3.0,Card,C4150
S009-20260103-0558,2026-01-03 19:15:59,S009,P006,Soft Drink 50cl,Beverages,2,2.0,4.0,Transfer,C6766
S009-20260101-0559,2026-01-01 15:12:43,S009,P005,Eggs (12 pack),Dairy,4,6.5,26.0,Card,C1348
S009-20260107-0560,2026-01-07 14:34:46,S009,P010,Detergent 1kg,Household,5,7.0,35.0,Transfer,C3484
S009-20260106-0561,2026-01-06 12:30:06,S009,P006,Soft Drink 50cl,Beverages,4,2.0,8.0,Transfer,C7802
S009-20260101-0562,2026-01-01 08:34:02,S009,P002,Cooking Oil 1L,Groceries,1,12.5,12.5,Transfer,C1331
S009-20260102-0563,2026-01-02 10:56:06,S009,P003,Milk 1L,Dairy,2,4.0,8.0,Card,C6953
S009-20260101-0564,2026-01-01 10:06:55,S009,P007,Chicken (1kg),Meat,5,8.5,42.5,Card,C3234
S009-20260102-0565,2026-01-02 10:35:22,S009,P005,Eggs (12 pack),Dairy,1,6.5,6.5,Cash,C3073
S009-20260102-0566,2026-01-02 14:52:14,S009,P003,Milk 1L,Dairy,4,4.0,16.0,Card,C3090
S009-20260101-0567,2026-01-01 12:16:20,S009,P004,Bread Loaf,Bakery,4,3.0,12.0,Cash,C1595
S009-20260103-0568,2026-01-03 13:07:53,S009,P010,Detergent 1kg,Household,4,7.0,28.0,Card,C8218
S009-20260104-0569,2026-01-04 16:32:51,S009,P001,Rice 5kg,Groceries,1,25.0,25.0,Card,C6782
S009-20260107-0570,2026-01-07 17:06:13,S009,P003,Milk 1L,Dairy,4,4.0,16.0,Card,C4050
S009-20260102-0571,2026-01-02 10:45:43,S009,P007,Chicken (1kg),Meat,2,8.5,17.0,Cash,C5402
S009-20260104-0572,2026-01-04 17:43:02,S009,P004,Bread Loaf,Bakery,2,3.0,6.0,Card,C4084
S009-20260101-0573,2026-01-01 08:56:56,S009,P006,Soft Drink 50cl,Beverages,4,2.0,8.0,Cash,C8454
S009-20260102-0574,2026-01-02 10:12:45,S009,P009,Spaghetti 500g,Groceries,1,2.5,2.5,Cash,C6582
S009-20260103-0575,2026-01-03 10:29:35,S009,P008,Sugar 1kg,Groceries,4,3.5,14.0,Card,C3648
S009-20260106-0576,2026-01-06 14:00:56,S009,P003,Milk 1L,Dairy,2,4.0,8.0,Cash,C5656
S009-20260101-0577,2026-01-01 18:37:14,S009,P001,Rice 5kg,Groceries,5,25.0,125.0,Card,C9750
S009-20260104-0578,2026-01-04 16:38:05,S009,P010,Detergent 1kg,Household,3,7.0,21.0,Cash,C8153
S009-20260104-0579,2026-01-04 17:25:36,S009,P010,Detergent 1kg,Household,5,7.0,35.0,Card,C9595
S009-20260101-0580,2026-01-01 17:41:07,S009,P010,Detergent 1kg,Household,3,7.0,21.0,Card,C8538
S009-20260103-0581,2026-01-03 14:07:11,S009,P004,Bread Loaf,Bakery,1,3.0,3.0,Card,C1143
S009-20260101-0582,2026-01-01 10:18:05,S009,P006,Soft Drink 50cl,Beverages,3,2.0,6.0,Cash,C6355
S009-20260105-0583,2026-01-05 20:25:57,S009,P004,Bread Loaf,Bakery,4,3.0,12.0,Cash,C4348
S009-20260102-0584,2026-01-02 10:56:30,S009,P001,Rice 5kg,Groceries,2,25.0,50.0,Card,C7583
S009-20260104-0585,2026-01-04 14:32:27,S009,P009,Spaghetti 500g,Groceries,3,2.5,7.5,Transfer,C5400
S009-20260102-0586,2026-01-02 09:05:24,S009,P003,Milk 1L,Dairy,1,4.0,4.0,Cash,C7637
S009-20260103-0587,2026-01-03 21:54:48,S009,P002,Cooking Oil 1L,Groceries,3,12.5,37.5,Card,C5146
S009-20260107-0588,2026-01-07 15:13:50,S009,P010,Detergent 1kg,Household,4,7.0,28.0,Card,C5754
S009-20260106-0589,2026-01-06 11:05:01,S009,P006,Soft Drink 50cl,Beverages,3,2.0,6.0,Card,C2087
S009-20260106-0590,2026-01-06 08:59:13,S009,P001,Rice 5kg,Groceries,2,25.0,50.0,Card,C7788
S009-20260101-0591,2026-01-01 16:58:40,S009,P009,Spaghetti 500g,Groceries,5,2.5,12.5,Transfer,C9978
S009-20260104-0592,2026-01-04 17:28:38,S009,P004,Bread Loaf,Bakery,3,3.0,9.0,Transfer,C5905
S009-20260102-0593,2026-01-02 12:57:10,S009,P004,Bread Loaf,Bakery,1,3.0,3.0,Cash,C5530
S009-20260107-0594,2026-01-07 13:10:47,S009,P002,Cooking Oil 1L,Groceries,2,12.5,25.0,Cash,C9981
S009-20260104-0595,2026-01-04 08:27:08,S009,P001,Rice 5kg,Groceries,5,25.0,125.0,Transfer,C2761
S009-20260105-0596,2026-01-05 08:43:17,S009,P001,Rice 5kg,Groceries,5,25.0,125.0,Transfer,C2891
S009-20260103-0597,2026-01-03 09:51:19,S009,P002,Cooking Oil 1L,Groceries,3,12.5,37.5,Cash,C1976
S009-20260105-0598,2026-01-05 13:00:42,S009,P002,Cooking Oil 1L,Groceries,2,12.5,25.0,Card,C8851
S009-20260106-0599,2026-01-06 12:45:10,S009,P010,Detergent 1kg,Household,4,7.0,28.0,Transfer,C7793
S009-20260103-0600,2026-01-03 09:56:11,S009,P003,Milk 1L,Dairy,4,4.0,16.0,Cash,C3222
S009-20260103-0601,2026-01-03 19:17:44,S009,P004,Bread Loaf,Bakery,5,3.0,15.0,Card,C3921
S009-20260103-0602,2026-01-03 13:13:38,S009,P007,Chicken (1kg),Meat,1,8.5,8.5,Transfer,C3072
S009-20260103-0603,2026-01-03 08:34:05,S009,P008,Sugar 1kg,Groceries,3,3.5,10.5,Card,C5529
S009-20260102-0604,2026-01-02 13:43:15,S009,P010,Detergent 1kg,Household,4,7.0,28.0,Card,C6528
S009-20260107-0605,2026-01-07 18:11:28,S009,P007,Chicken (1kg),Meat,5,8.5,42.5,Transfer,C1313
S009-20260105-0606,2026-01-05 09:35:41,S009,P009,Spaghetti 500g,Groceries,1,2.5,2.5,Cash,C6024
S009-20260107-0607,2026-01-07 20:24:24,S009,P002,Cooking Oil 1L,Groceries,3,12.5,37.5,Transfer,C9796
S009-20260101-0608,2026-01-01 17:51:31,S009,P001,Rice 5kg,Groceries,2,25.0,50.0,Cash,C8668
S009-20260105-0609,2026-01-05 19:00:38,S009,P007,Chicken (1kg),Meat,2,8.5,17.0,Cash,C2663
S009-20260107-0610,2026-01-07 21:43:20,S009,P010,Detergent 1kg,Household,1,7.0,7.0,Cash,C6596
S009-20260106-0611,2026-01-06 11:15:07,S009,P008,Sugar 1kg,Groceries,1,3.5,3.5,Cash,C6739
S009-20260102-0612,2026-01-02 11:31:38,S009,P008,Sugar 1kg,Groceries,1,3.5,3.5,Card,C1842
S009-20260103-0613,2026-01-03 18:15:29,S009,P008,Sugar 1kg,Groceries,3,3.5,10.5,Card,C3950
S009-20260107-0614,2026-01-07 13:12:29,S009,P002,Cooking Oil 1L,Groceries,4,12.5,50.0,Cash,C2881
S009-20260103-0615,2026-01-03 11:15:14,S009,P001,Rice 5kg,Groceries,1,25.0,25.0,Cash,C4053
S009-20260103-0616,2026-01-03 14:36:58,S009,P007,Chicken (1kg),Meat,3,8.5,25.5,Card,C5119
S009-20260101-0617,2026-01-01 11:59:57,S009,P004,Bread Loaf,Bakery,1,3.0,3.0,Transfer,C6845
S009-20260101-0618,2026-01-01 17:26:32,S009,P004,Bread Loaf,Bakery,5,3.0,15.0,Cash,C9837
S009-20260107-0619,2026-01-07 20:44:19,S009,P003,Milk 1L,Dairy,2,4.0,8.0,Card,C8083
S009-20260102-0620,2026-01-02 09:23:19,S009,P004,Bread Loaf,Bakery,1,3.0,3.0,Card,C1480
S009-20260102-0621,2026-01-02 18:41:19,S009,P010,Detergent 1kg,Household,1,7.0,7.0,Cash,C6829
S009-20260107-0622,2026-01-07 14:40:21,S009,P004,Bread Loaf,Bakery,4,3.0,12.0,Card,C2441
S009-20260102-0623,2026-01-02 14:19:26,S009,P004,Bread Loaf,Bakery,3,3.0,9.0,Cash,C5939
S009-20260103-0624,2026-01-03 10:11:32,S009,P003,Milk 1L,Dairy,2,4.0,8.0,Cash,C6326
S009-20260106-0625,2026-01-06 11:53:19,S009,P009,Spaghetti 500g,Groceries,3,2.5,7.5,Card,C8321
S009-20260107-0626,2026-01-07 17:36:13,S009,P005,Eggs (12 pack),Dairy,5,6.5,32.5,Transfer,C6821
S009-20260104-0627,2026-01-04 15:20:35,S009,P004,Bread Loaf,Bakery,2,3.0,6.0,Cash,C2954
S009-20260106-0628,2026-01-06 17:31:00,S009,P007,Chicken (1kg),Meat,3,8.5,25.5,Cash,C8097
S009-20260103-0629,2026-01-03 09:09:12,S009,P002,Cooking Oil 1L,Groceries,3,12.5,37.5,Cash,C3548
S009-20260103-0630,2026-01-03 12:29:32,S009,P004,Bread Loaf,Bakery,1,3.0,3.0,Transfer,C8414
S009-20260103-0631,2026-01-03 08:06:25,S009,P004,Bread Loaf,Bakery,2,3.0,6.0,Card,C1342
S009-20260102-0632,2026-01-02 18:17:36,S009,P002,Cooking Oil 1L,Groceries,3,12.5,37.5,Cash,C1270
S009-20260106-0633,2026-01-06 13:08:24,S009,P010,Detergent 1kg,Household,4,7.0,28.0,Cash,C7773
S009-20260103-0634,2026-01-03 10:29:59,S009,P003,Milk 1L,Dairy,1,4.0,4.0,Cash,C7655
S009-20260103-0635,2026-01-03 18:20:18,S009,P004,Bread Loaf,Bakery,4,3.0,12.0,Card,C9350
S009-20260106-0636,2026-01-06 20:30:39,S009,P007,Chicken (1kg),Meat,4,8.5,34.0,Card,C7387
S009-20260104-0637,2026-01-04 18:54:59,S009,P003,Milk 1L,Dairy,4,4.0,16.0,Card,C7690
S009-20260106-0638,2026-01-06 11:00:57,S009,P002,Cooking Oil 1L,Groceries,2,12.5,25.0,Cash,C3172
S009-20260104-0639,2026-01-04 17:49:35,S009,P009,Spaghetti 500g,Groceries,2,2.5,5.0,Transfer,C8408
S009-20260101-0640,2026-01-01 10:41:26,S009,P008,Sugar 1kg,Groceries,1,3.5,3.5,Card,C7304
S009-20260101-0641,2026-01-01 12:54:38,S009,P005,Eggs (12 pack),Dairy,5,6.5,32.5,Cash,C9848
S009-20260103-0642,2026-01-03 09:19:47,S009,P008,Sugar 1kg,Groceries,3,3.5,10.5,Card,C3018
S009-20260104-0643,2026-01-04 19:02:50,S009,P004,Bread Loaf,Bakery,5,3.0,15.0,Cash,C6345
S009-20260106-0644,2026-01-06 10:25:01,S009,P007,Chicken (1kg),Meat,5,8.5,42.5,Transfer,C3583
S009-20260105-0645,2026-01-05 15:36:20,S009,P007,Chicken (1kg),Meat,1,8.5,8.5,Cash,C2386
S009-20260107-0646,2026-01-07 08:36:58,S009,P007,Chicken (1kg),Meat,4,8.5,34.0,Cash,C7039
S009-20260105-0647,2026-01-05 10:39:56,S009,P004,Bread Loaf,Bakery,2,3.0,6.0,Card,C8402
S009-20260105-0648,2026-01-05 17:02:58,S009,P009,Spaghetti 500g,Groceries,5,2.5,12.5,Cash,C1709
S009-20260104-0649,2026-01-04 17:00:12,S009,P001,Rice 5kg,Groceries,2,25.0,50.0,Cash,C8907
S009-20260106-0650,2026-01-06 21:52:46,S009,P002,Cooking Oil 1L,Groceries,1,12.5,12.5,Cash,C3249
S009-20260104-0651,2026-01-04 11:01:53,S009,P003,Milk 1L,Dairy,2,4.0,8.0,Transfer,C6941
S009-20260106-0652,2026-01-06 17:53:21,S009,P002,Cooking Oil 1L,Groceries,2,12.5,25.0,Card,C3524
S009-20260101-0653,2026-01-01 15:09:09,S009,P004,Bread Loaf,Bakery,1,3.0,3.0,Transfer,C4973
S009-20260103-0654,2026-01-03 19:35:09,S009,P004,Bread Loaf,Bakery,2,3.0,6.0,Card,C6887
S009-20260101-0655,2026-01-01 09:44:07,S009,P004,Bread Loaf,Bakery,5,3.0,15.0,Card,C8693
S009-20260107-0656,2026-01-07 11:34:52,S009,P008,Sugar 1kg,Groceries,5,3.5,17.5,Cash,C8664
S009-20260104-0657,2026-01-04 15:34:52,S009,P003,Milk 1L,Dairy,2,4.0,8.0,Cash,C5801
S009-20260102-0658,2026-01-02 10:37:49,S009,P007,Chicken (1kg),Meat,4,8.5,34.0,Cash,C5990
S009-20260103-0659,2026-01-03 18:16:50,S009,P009,Spaghetti 500g,Groceries,4,2.5,10.0,Cash,C5436
S009-20260102-0660,2026-01-02 08:57:25,S009,P003,Milk 1L,Dairy,1,4.0,4.0,Cash,C2058
S009-20260103-0661,2026-01-03 18:43:54,S009,P009,Spaghetti 500g,Groceries,3,2.5,7.5,Transfer,C3021
S009-20260105-0662,2026-01-05 16:44:28,S009,P003,Milk 1L,Dairy,1,4.0,4.0,Cash,C9420
S009-20260101-0663,2026-01-01 09:13:00,S009,P001,Rice 5kg,Groceries,5,25.0,125.0,Cash,C4579
S009-20260105-0664,2026-01-05 09:18:57,S009,P002,Cooking Oil 1L,Groceries,5,12.5,62.5,Card,C2903
S009-20260107-0665,2026-01-07 09:44:40,S009,P008,Sugar 1kg,Groceries,5,3.5,17.5,Card,C4195
S009-20260101-0666,2026-01-01 18:21:00,S009,P008,Sugar 1kg,Groceries,3,3.5,10.5,Card,C6566
S009-20260101-0667,2026-01-01 21:18:18,S009,P004,Bread Loaf,Bakery,2,3.0,6.0,Card,C3721
S009-20260105-0668,2026-01-05 16:56:41,S009,P001,Rice 5kg,Groceries,2,25.0,50.0,Card,C5603
S009-20260106-0669,2026-01-06 12:48:59,S009,P002,Cooking Oil 1L,Groceries,4,12.5,50.0,Cash,C7189
S009-20260105-0670,2026-01-05 11:43:26,S009,P003,Milk 1L,Dairy,3,4.0,12.0,Transfer,C9513
S009-20260106-0671,2026-01-06 16:49:21,S009,P002,Cooking Oil 1L,Groceries,4,12.5,50.0,Cash,C4940
S009-20260105-0672,2026-01-05 09:12:31,S009,P001,Rice 5kg,Groceries,3,25.0,75.0,Card,C5821
S009-20260101-0673,2026-01-01 08:15:30,S009,P007,Chicken (1kg),Meat,2,8.5,17.0,Cash,C6482
S009-20260105-0674,2026-01-05 12:07:45,S009,P006,Soft Drink 50cl,Beverages,2,2.0,4.0,Cash,C9750
S009-20260102-0675,2026-01-02 16:22:05,S009,P007,Chicken (1kg),Meat,2,8.5,17.0,Cash,C9470
S009-20260101-0676,2026-01-01 20:07:26,S009,P005,Eggs (12 pack),Dairy,3,6.5,19.5,Card,C7726
S009-20260107-0677,2026-01-07 16:17:51,S009,P008,Sugar 1kg,Groceries,1,3.5,3.5,Transfer,C3795
S009-20260106-0678,2026-01-06 17:03:50,S009,P002,Cooking Oil 1L,Groceries,1,12.5,12.5,Transfer,C2654
S009-20260103-0679,2026-01-03 16:49:54,S009,P006,Soft Drink 50cl,Beverages,1,2.0,2.0,Transfer,C7023
S009-20260105-0680,2026-01-05 09:58:07,S009,P001,Rice 5kg,Groceries,1,25.0,25.0,Cash,C1747
S009-20260102-0681,2026-01-02 11:49:47,S009,P006,Soft Drink 50cl,Beverages,2,2.0,4.0,Transfer,C7507
S009-20260105-0682,2026-01-05 10:32:37,S009,P001,Rice 5kg,Groceries,1,25.0,25.0,Transfer,C1788
S009-20260105-0683,2026-01-05 09:54:08,S009,P004,Bread Loaf,Bakery,3,3.0,9.0,Card,C2336
S009-20260104-0684,2026-01-04 15:52:24,S009,P007,Chicken (1kg),Meat,1,8.5,8.5,Cash,C2557
S009-20260104-0685,2026-01-04 16:37:11,S009,P008,Sugar 1kg,Groceries,5,3.5,17.5,Transfer,C5499
S009-20260107-0686,2026-01-07 15:32:49,S009,P008,Sugar 1kg,Groceries,1,3.5,3.5,Card,C4256
S009-20260107-0687,2026-01-07 16:14:19,S009,P008,Sugar 1kg,Groceries,4,3.5,14.0,Card,C6703
S009-20260101-0688,2026-01-01 08:41:52,S009,P005,Eggs (12 pack),Dairy,4,6.5,26.0,Cash,C1027
S009-20260106-0689,2026-01-06 16:01:11,S009,P009,Spaghetti 500g,Groceries,2,2.5,5.0,Transfer,C4531
S009-20260101-0690,2026-01-01 19:05:44,S009,P005,Eggs (12 pack),Dairy,5,6.5,32.5,Cash,C2513
S009-20260107-0691,2026-01-07 19:19:47,S009,P004,Bread Loaf,Bakery,1,3.0,3.0,Cash,C5842
S009-20260103-0692,2026-01-03 14:36:29,S009,P009,Spaghetti 500g,Groceries,5,2.5,12.5,Cash,C6368
S009-20260105-0693,2026-01-05 14:14:19,S009,P010,Detergent 1kg,Household,1,7.0,7.0,Transfer,C2498
S009-20260105-0694,2026-01-05 15:26:33,S009,P010,Detergent 1kg,Household,2,7.0,14.0,Cash,C6893
S009-20260101-0695,2026-01-01 08:16:06,S009,P010,Detergent 1kg,Household,3,7.0,21.0,Cash,C2419
S009-20260102-0696,2026-01-02 18:02:13,S009,P001,Rice 5kg,Groceries,4,25.0,100.0,Transfer,C7392
S009-20260101-0697,2026-01-01 15:00:24,S009,P002,Cooking Oil 1L,Groceries,4,12.5,50.0,Card,C7585
S009-20260105-0698,2026-01-05 19:17:54,S009,P007,Chicken (1kg),Meat,3,8.5,25.5,Transfer,C9822
S009-20260106-0699,2026-01-06 10:50:41,S009,P001,Rice 5kg,Groceries,5,25.0,125.0,Card,C3072
S009-20260105-0700,2026-01-05 12:49:33,S009,P002,Cooking Oil 1L,Groceries,5,12.5,62.5,Cash,C7377
S009-20260105-0701,2026-01-05 14:38:08,S009,P004,Bread Loaf,Bakery,3,3.0,9.0,Cash,C5195
S009-20260101-0702,2026-01-01 13:23:28,S009,P003,Milk 1L,Dairy,3,4.0,12.0,Card,C8556
S009-20260102-0703,2026-01-02 09:50:14,S009,P010,Detergent 1kg,Household,4,7.0,28.0,Transfer,C7614
S009-20260102-0704,2026-01-02 08:45:37,S009,P002,Cooking Oil 1L,Groceries,4,12.5,50.0,Cash,C5464
S009-20260105-0705,2026-01-05 18:58:18,S009,P002,Cooking Oil 1L,Groceries,4,12.5,50.0,Card,C3581
S009-20260107-0706,2026-01-07 11:04:57,S009,P010,Detergent 1kg,Household,1,7.0,7.0,Cash,C1915
S009-20260106-0707,2026-01-06 20:24:27,S009,P009,Spaghetti 500g,Groceries,4,2.5,10.0,Cash,C8174
S009-20260102-0708,2026-01-02 09:44:34,S009,P006,Soft Drink 50cl,Beverages,5,2.0,10.0,Card,C6665
S009-20260105-0709,2026-01-05 12:46:46,S009,P001,Rice 5kg,Groceries,3,25.0,75.0,Card,C6999
S009-20260106-0710,2026-01-06 15:05:52,S009,P003,Milk 1L,Dairy,4,4.0,16.0,Cash,C6676
S009-20260104-0711,2026-01-04 21:58:44,S009,P005,Eggs (12 pack),Dairy,1,6.5,6.5,Card,C6169
S009-20260104-0712,2026-01-04 14:26:29,S009,P002,Cooking Oil 1L,Groceries,3,12.5,37.5,Card,C2837
S009-20260101-0713,2026-01-01 21:07:08,S009,P001,Rice 5kg,Groceries,4,25.0,100.0,Cash,C9557
S009-20260106-0714,2026-01-06 18:01:44,S009,P006,Soft Drink 50cl,Beverages,5,2.0,10.0,Transfer,C4141
S009-20260107-0715,2026-01-07 13:36:27,S009,P008,Sugar 1kg,Groceries,5,3.5,17.5,Transfer,C7705
S009-20260102-0716,2026-01-02 13:46:55,S009,P006,Soft Drink 50cl,Beverages,2,2.0,4.0,Cash,C7898
S009-20260101-0717,2026-01-01 13:01:45,S009,P004,Bread Loaf,Bakery,2,3.0,6.0,Cash,C9409
S009-20260106-0718,2026-01-06 12:34:03,S009,P009,Spaghetti 500g,Groceries,4,2.5,10.0,Cash,C8063
S009-20260106-0719,2026-01-06 20:42:44,S009,P009,Spaghetti 500g,Groceries,2,2.5,5.0,Transfer,C5143
S009-20260102-0720,2026-01-02 12:09:10,S009,P010,Detergent 1kg,Household,5,7.0,35.0,Transfer,C9126
S009-20260105-0721,2026-01-05 13:13:08,S009,P002,Cooking Oil 1L,Groceries,1,12.5,12.5,Cash,C4939
S009-20260102-0722,2026-01-02 17:34:36,S009,P004,Bread Loaf,Bakery,1,3.0,3.0,Card,C5596
S009-20260101-0723,2026-01-01 08:15:31,S009,P007,Chicken (1kg),Meat,3,8.5,25.5,Card,C1260
S009-20260101-0724,2026-01-01 12:02:56,S009,P006,Soft Drink 50cl,Beverages,4,2.0,8.0,Cash,C1006
S009-20260102-0725,2026-01-02 21:22:28,S009,P009,Spaghetti 500g,Groceries,4,2.5,10.0,Cash,C1760
S009-20260105-0726,2026-01-05 13:39:03,S009,P003,Milk 1L,Dairy,4,4.0,16.0,Card,C1113
S009-20260103-0727,2026-01-03 14:12:25,S009,P010,Detergent 1kg,Household,1,7.0,7.0,Transfer,C2825
S009-20260105-0728,2026-01-05 20:12:49,S009,P009,Spaghetti 500g,Groceries,4,2.5,10.0,Transfer,C9693
S009-20260107-0729,2026-01-07 16:12:24,S009,P003,Milk 1L,Dairy,4,4.0,16.0,Card,C7793
S009-20260101-0730,2026-01-01 14:44:12,S009,P007,Chicken (1kg),Meat,4,8.5,34.0,Card,C8782
S009-20260101-0731,2026-01-01 15:58:45,S009,P008,Sugar 1kg,Groceries,3,3.5,10.5,Cash,C7734
S009-20260106-0732,2026-01-06 18:36:45,S009,P005,Eggs (12 pack),Dairy,2,6.5,13.0,Card,C2626
S009-20260103-0733,2026-01-03 21:17:45,S009,P009,Spaghetti 500g,Groceries,5,2.5,12.5,Card,C9845
S009-20260105-0734,2026-01-05 19:05:42,S009,P005,Eggs (12 pack),Dairy,1,6.5,6.5,Card,C5224
S009-20260103-0735,2026-01-03 21:10:50,S009,P008,Sugar 1kg,Groceries,4,3.5,14.0,Cash,C1625
S009-20260107-0736,2026-01-07 16:51:30,S009,P006,Soft Drink 50cl,Beverages,3,2.0,6.0,Cash,C8044
S009-20260102-0737,2026-01-02 12:18:53,S009,P009,Spaghetti 500g,Groceries,1,2.5,2.5,Card,C9792
S009-20260105-0738,2026-01-05 18:52:58,S009,P007,Chicken (1kg),Meat,4,8.5,34.0,Card,C7029
S009-20260107-0739,2026-01-07 08:06:14,S009,P010,Detergent 1kg,Household,1,7.0,7.0,Transfer,C4291
S009-20260105-0740,2026-01-05 15:03:28,S009,P005,Eggs (12 pack),Dairy,1,6.5,6.5,Cash,C3756
S009-20260101-0741,2026-01-01 09:15:17,S009,P010,Detergent 1kg,Household,5,7.0,35.0,Transfer,C4470
S009-20260105-0742,2026-01-05 19:11:34,S009,P002,Cooking Oil 1L,Groceries,3,12.5,37.5,Cash,C7396
S009-20260102-0743,2026-01-02 12:30:34,S009,P007,Chicken (1kg),Meat,2,8.5,17.0,Transfer,C8209
S009-20260107-0744,2026-01-07 10:13:26,S009,P003,Milk 1L,Dairy,4,4.0,16.0,Transfer,C4810
S009-20260101-0745,2026-01-01 16:42:36,S009,P001,Rice 5kg,Groceries,2,25.0,50.0,Cash,C5861
S009-20260103-0746,2026-01-03 14:41:32,S009,P005,Eggs (12 pack),Dairy,2,6.5,13.0,Transfer,C3926
S009-20260107-0747,2026-01-07 09:47:02,S009,P010,Detergent 1kg,Household,3,7.0,21.0,Cash,C7341
S009-20260105-0748,2026-01-05 14:06:31,S009,P008,Sugar 1kg,Groceries,2,3.5,7.0,Cash,C8737
S009-20260105-0749,2026-01-05 08:36:39,S009,P002,Cooking Oil 1L,Groceries,5,12.5,62.5,Card,C9207
S009-20260107-0750,2026-01-07 20:52:59,S009,P005,Eggs (12 pack),Dairy,4,6.5,26.0,Card,C2116
S009-20260104-0751,2026-01-04 08:38:36,S009,P006,Soft Drink 50cl,Beverages,1,2.0,2.0,Cash,C1649
S009-20260102-0752,2026-01-02 19:53:22,S009,P007,Chicken (1kg),Meat,2,8.5,17.0,Cash,C7518
S009-20260102-0753,2026-01-02 09:03:46,S009,P010,Detergent 1kg,Household,1,7.0,7.0,Cash,C1423
S009-20260103-0754,2026-01-03 15:48:58,S009,P010,Detergent 1kg,Household,3,7.0,21.0,Cash,C1392
S009-20260107-0755,2026-01-07 08:48:16,S009,P005,Eggs (12 pack),Dairy,3,6.5,19.5,Cash,C7986
S009-20260107-0756,2026-01-07 21:53:49,S009,P007,Chicken (1kg),Meat,2,8.5,17.0,Cash,C7133
S009-20260106-0757,2026-01-06 15:57:10,S009,P008,Sugar 1kg,Groceries,3,3.5,10.5,Card,C4070
S009-20260101-0758,2026-01-01 10:07:28,S009,P006,Soft Drink 50cl,Beverages,5,2.0,10.0,Card,C4475
S009-20260105-0759,2026-01-05 19:01:20,S009,P004,Bread Loaf,Bakery,4,3.0,12.0,Cash,C4716
S009-20260106-0760,2026-01-06 15:45:25,S009,P001,Rice 5kg,Groceries,4,25.0,100.0,Cash,C4547
S009-20260102-0761,2026-01-02 19:17:33,S009,P010,Detergent 1kg,Household,2,7.0,14.0,Transfer,C3306
S009-20260102-0762,2026-01-02 18:29:57,S009,P008,Sugar 1kg,Groceries,3,3.5,10.5,Card,C8796
S009-20260105-0763,2026-01-05 12:59:24,S009,P007,Chicken (1kg),Meat,5,8.5,42.5,Cash,C4051
S009-20260103-0764,2026-01-03 09:48:18,S009,P009,Spaghetti 500g,Groceries,3,2.5,7.5,Cash,C9327
S009-20260105-0765,2026-01-05 19:02:56,S009,P008,Sugar 1kg,Groceries,4,3.5,14.0,Cash,C5682
S009-20260104-0766,2026-01-04 20:22:33,S009,P006,Soft Drink 50cl,Beverages,4,2.0,8.0,Card,C7463
S009-20260107-0767,2026-01-07 12:23:05,S009,P010,Detergent 1kg,Household,2,7.0,14.0,Cash,C8347
S009-20260105-0768,2026-01-05 11:16:24,S009,P009,Spaghetti 500g,Groceries,2,2.5,5.0,Transfer,C6950
S009-20260101-0769,2026-01-01 14:22:09,S009,P003,Milk 1L,Dairy,5,4.0,20.0,Card,C4404
S009-20260103-0770,2026-01-03 09:05:35,S009,P008,Sugar 1kg,Groceries,4,3.5,14.0,Card,C4940
S009-20260103-0771,2026-01-03 18:04:17,S009,P005,Eggs (12 pack),Dairy,5,6.5,32.5,Transfer,C8949
S009-20260104-0772,2026-01-04 12:28:26,S009,P004,Bread Loaf,Bakery,5,3.0,15.0,Card,C2267
S009-20260101-0773,2026-01-01 11:04:33,S009,P009,Spaghetti 500g,Groceries,4,2.5,10.0,Transfer,C3933
S009-20260104-0774,2026-01-04 15:55:36,S009,P007,Chicken (1kg),Meat,1,8.5,8.5,Transfer,C9836
S009-20260105-0775,2026-01-05 20:33:42,S009,P007,Chicken (1kg),Meat,4,8.5,34.0,Card,C5632
S009-20260106-0776,2026-01-06 10:00:21,S009,P001,Rice 5kg,Groceries,3,25.0,75.0,Card,C5850
S009-20260104-0777,2026-01-04 10:09:52,S009,P002,Cooking Oil 1L,Groceries,4,12.5,50.0,Cash,C7667
S009-20260103-0778,2026-01-03 09:34:46,S009,P007,Chicken (1kg),Meat,3,8.5,25.5,Transfer,C6671
S009-20260102-0779,2026-01-02 09:08:04,S009,P005,Eggs (12 pack),Dairy,1,6.5,6.5,Card,C4824
S009-20260106-0780,2026-01-06 16:08:40,S009,P010,Detergent 1kg,Household,5,7.0,35.0,Card,C8934
S009-20260105-0781,2026-01-05 08:34:47,S009,P007,Chicken (1kg),Meat,5,8.5,42.5,Card,C2770
S009-20260106-0782,2026-01-06 12:27:53,S009,P007,Chicken (1kg),Meat,1,8.5,8.5,Transfer,C2679
S009-20260104-0783,2026-01-04 08:51:49,S009,P006,Soft Drink 50cl,Beverages,5,2.0,10.0,Cash,C7795
S009-20260104-0784,2026-01-04 08:06:57,S009,P006,Soft Drink 50cl,Beverages,3,2.0,6.0,Card,C3702
S009-20260102-0785,2026-01-02 14:19:04,S009,P003,Milk 1L,Dairy,3,4.0,12.0,Transfer,C7128
S009-20260103-0786,2026-01-03 10:44:42,S009,P010,Detergent 1kg,Household,3,7.0,21.0,Card,C8411
S009-20260107-0787,2026-01-07 11:58:20,S009,P002,Cooking Oil 1L,Groceries,4,12.5,50.0,Card,C3286
S009-20260101-0788,2026-01-01 21:11:10,S009,P008,Sugar 1kg,Groceries,1,3.5,3.5,Cash,C2322
S009-20260105-0789,2026-01-05 08:03:09,S009,P002,Cooking Oil 1L,Groceries,3,12.5,37.5,Card,C1843
S009-20260101-0790,2026-01-01 19:48:34,S009,P005,Eggs (12 pack),Dairy,4,6.5,26.0,Transfer,C6161
S009-20260107-0791,2026-01-07 21:21:23,S009,P008,Sugar 1kg,Groceries,4,3.5,14.0,Cash,C4548
S009-20260102-0792,2026-01-02 16:11:14,S009,P010,Detergent 1kg,Household,1,7.0,7.0,Cash,C2086
S009-20260105-0793,2026-01-05 20:52:40,S009,P004,Bread Loaf,Bakery,4,3.0,12.0,Cash,C5303
S009-20260105-0794,2026-01-05 16:15:22,S009,P010,Detergent 1kg,Household,5,7.0,35.0,Card,C9591
S009-20260103-0795,2026-01-03 14:38:33,S009,P008,Sugar 1kg,Groceries,2,3.5,7.0,Cash,C8424
S009-20260103-0796,2026-01-03 16:17:48,S009,P006,Soft Drink 50cl,Beverages,4,2.0,8.0,Cash,C2753
S009-20260106-0797,2026-01-06 11:29:03,S009,P003,Milk 1L,Dairy,3,4.0,12.0,Transfer,C7428
S009-20260107-0798,2026-01-07 17:33:17,S009,P006,Soft Drink 50cl,Beverages,5,2.0,10.0,Card,C1476
S009-20260105-0799,2026-01-05 08:24:25,S009,P001,Rice 5kg,Groceries,5,25.0,125.0,Cash,C9592
S009-20260102-0800,2026-01-02 08:52:26,S009,P003,Milk 1L,Dairy,4,4.0,16.0,Cash,C6432
S009-20260105-0801,2026-01-05 16:59:36,S009,P010,Detergent 1kg,Household,5,7.0,35.0,Card,C5384
S009-20260103-0802,2026-01-03 20:19:24,S009,P004,Bread Loaf,Bakery,1,3.0,3.0,Cash,C9682
S009-20260106-0803,2026-01-06 12:50:08,S009,P001,Rice 5kg,Groceries,5,25.0,125.0,Transfer,C8512
S009-20260103-0804,2026-01-03 17:15:43,S009,P010,Detergent 1kg,Household,1,7.0,7.0,Card,C2508
S009-20260106-0805,2026-01-06 09:09:08,S009,P001,Rice 5kg,Groceries,2,25.0,50.0,Transfer,C2212
S009-20260103-0806,2026-01-03 18:06:08,S009,P009,Spaghetti 500g,Groceries,3,2.5,7.5,Cash,C7279
S009-20260105-0807,2026-01-05 12:02:20,S009,P005,Eggs (12 pack),Dairy,1,6.5,6.5,Card,C6438
S009-20260102-0808,2026-01-02 11:31:00,S009,P001,Rice 5kg,Groceries,5,25.0,125.0,Transfer,C8405
S009-20260104-0809,2026-01-04 15:23:04,S009,P010,Detergent 1kg,Household,1,7.0,7.0,Transfer,C4369
S009-20260102-0810,2026-01-02 10:46:27,S009,P001,Rice 5kg,Groceries,4,25.0,100.0,Cash,C8606
S009-20260105-0811,2026-01-05 19:18:15,S009,P003,Milk 1L,Dairy,4,4.0,16.0,Card,C5203
S009-20260105-0812,2026-01-05 12:27:17,S009,P004,Bread Loaf,Bakery,1,3.0,3.0,Transfer,C4421
S009-20260102-0813,2026-01-02 11:14:34,S009,P006,Soft Drink 50cl,Beverages,3,2.0,6.0,Cash,C8121
S009-20260104-0814,2026-01-04 11:03:47,S009,P006,Soft Drink 50cl,Beverages,5,2.0,10.0,Cash,C3851
S009-20260101-0815,2026-01-01 17:27:56,S009,P005,Eggs (12 pack),Dairy,3,6.5,19.5,Card,C7874
S009-20260105-0816,2026-01-05 10:08:17,S009,P004,Bread Loaf,Bakery,1,3.0,3.0,Transfer,C2309
S009-20260102-0817,2026-01-02 13:23:32,S009,P009,Spaghetti 500g,Groceries,5,2.5,12.5,Card,C3759
S009-20260106-0818,2026-01-06 11:01:30,S009,P009,Spaghetti 500g,Groceries,1,2.5,2.5,Cash,C3090
S009-20260107-0819,2026-01-07 20:21:29,S009,P001,Rice 5kg,Groceries,4,25.0,100.0,Card,C1958
S009-20260104-0820,2026-01-04 15:53:39,S009,P003,Milk 1L,Dairy,3,4.0,12.0,Cash,C6628
S009-20260103-0821,2026-01-03 19:52:30,S009,P006,Soft Drink 50cl,Beverages,5,2.0,10.0,Transfer,C2137
S009-20260101-0822,2026-01-01 11:53:07,S009,P006,Soft Drink 50cl,Beverages,4,2.0,8.0,Transfer,C8970
S009-20260102-0823,2026-01-02 09:43:02,S009,P003,Milk 1L,Dairy,3,4.0,12.0,Cash,C5844
S009-20260103-0824,2026-01-03 17:46:51,S009,P007,Chicken (1kg),Meat,2,8.5,17.0,Card,C5583
S009-20260104-0825,2026-01-04 16:18:23,S009,P009,Spaghetti 500g,Groceries,2,2.5,5.0,Card,C1205
S009-20260107-0826,2026-01-07 17:00:12,S009,P006,Soft Drink 50cl,Beverages,5,2.0,10.0,Card,C9248
S009-20260106-0827,2026-01-06 15:08:24,S009,P004,Bread Loaf,Bakery,2,3.0,6.0,Card,C8758
S009-20260103-0828,2026-01-03 08:53:11,S009,P008,Sugar 1kg,Groceries,1,3.5,3.5,Card,C7371
S009-20260103-0829,2026-01-03 10:07:47,S009,P001,Rice 5kg,Groceries,2,25.0,50.0,Cash,C8190
S009-20260107-0830,2026-01-07 10:59:54,S009,P009,Spaghetti 500g,Groceries,5,2.5,12.5,Cash,C5086
S009-20260104-0831,2026-01-04 14:59:47,S009,P005,Eggs (12 pack),Dairy,5,6.5,32.5,Transfer,C1685
S009-20260104-0832,2026-01-04 18:39:52,S009,P006,Soft Drink 50cl,Beverages,5,2.0,10.0,Card,C1043
S009-20260106-0833,2026-01-06 19:43:40,S009,P002,Cooking Oil 1L,Groceries,5,12.5,62.5,Transfer,C5376
S009-20260102-0834,2026-01-02 19:42:45,S009,P004,Bread Loaf,Bakery,3,3.0,9.0,Card,C4095
S009-20260105-0835,2026-01-05 13:50:01,S009,P003,Milk 1L,Dairy,1,4.0,4.0,Transfer,C2978
S009-20260105-0836,2026-01-05 15:00:43,S009,P001,Rice 5kg,Groceries,1,25.0,25.0,Cash,C3293
S009-20260102-0837,2026-01-02 10:03:22,S009,P004,Bread Loaf,Bakery,2,3.0,6.0,Card,C1696
S009-20260105-0838,2026-01-05 17:15:36,S009,P006,Soft Drink 50cl,Beverages,4,2.0,8.0,Transfer,C1807
S009-20260105-0839,2026-01-05 17:33:01,S009,P005,Eggs (12 pack),Dairy,4,6.5,26.0,Cash,C8323
S009-20260101-0840,2026-01-01 21:54:00,S009,P002,Cooking Oil 1L,Groceries,3,12.5,37.5,Card,C9790
S009-20260102-0841,2026-01-02 12:51:29,S009,P006,Soft Drink 50cl,Beverages,5,2.0,10.0,Card,C2632
S009-20260107-0842,2026-01-07 09:57:31,S009,P004,Bread Loaf,Bakery,5,3.0,15.0,Cash,C7425
S009-20260104-0843,2026-01-04 13:03:47,S009,P007,Chicken (1kg),Meat,5,8.5,42.5,Card,C9235
S009-20260103-0844,2026-01-03 15:45:27,S009,P001,Rice 5kg,Groceries,2,25.0,50.0,Card,C4225
S009-20260101-0845,2026-01-01 14:01:15,S009,P006,Soft Drink 50cl,Beverages,1,2.0,2.0,Cash,C6003
S009-20260107-0846,2026-01-07 13:00:25,S009,P004,Bread Loaf,Bakery,2,3.0,6.0,Card,C1996
S009-20260106-0847,2026-01-06 19:43:22,S009,P003,Milk 1L,Dairy,3,4.0,12.0,Transfer,C8003
S009-20260105-0848,2026-01-05 21:16:49,S009,P006,Soft Drink 50cl,Beverages,4,2.0,8.0,Transfer,C7251
S009-20260105-0849,2026-01-05 14:24:29,S009,P007,Chicken (1kg),Meat,3,8.5,25.5,Card,C2967
S009-20260103-0850,2026-01-03 10:45:32,S009,P005,Eggs (12 pack),Dairy,1,6.5,6.5,Cash,C1221
S009-20260107-0851,2026-01-07 19:07:13,S009,P008,Sugar 1kg,Groceries,3,3.5,10.5,Cash,C9365
S009-20260103-0852,2026-01-03 15:46:06,S009,P001,Rice 5kg,Groceries,4,25.0,100.0,Cash,C3921
S009-20260102-0853,2026-01-02 10:09:20,S009,P009,Spaghetti 500g,Groceries,2,2.5,5.0,Cash,C8004
S009-20260107-0854,2026-01-07 20:57:10,S009,P003,Milk 1L,Dairy,2,4.0,8.0,Card,C5400
S009-20260103-0855,2026-01-03 08:07:21,S009,P005,Eggs (12 pack),Dairy,1,6.5,6.5,Card,C7633
S009-20260103-0856,2026-01-03 15:34:26,S009,P007,Chicken (1kg),Meat,1,8.5,8.5,Cash,C1826
S009-20260101-0857,2026-01-01 08:56:22,S009,P010,Detergent 1kg,Household,1,7.0,7.0,Transfer,C3008
S009-20260105-0858,2026-01-05 14:10:41,S009,P005,Eggs (12 pack),Dairy,4,6.5,26.0,Card,C4911
S009-20260105-0859,2026-01-05 11:40:13,S009,P005,Eggs (12 pack),Dairy,5,6.5,32.5,Card,C2396
S009-20260103-0860,2026-01-03 08:08:25,S009,P010,Detergent 1kg,Household,4,7.0,28.0,Transfer,C4691
S009-20260101-0861,2026-01-01 13:44:22,S009,P006,Soft Drink 50cl,Beverages,5,2.0,10.0,Cash,C1309
S009-20260105-0862,2026-01-05 15:23:31,S009,P006,Soft Drink 50cl,Beverages,4,2.0,8.0,Cash,C4473
S009-20260101-0863,2026-01-01 16:59:48,S009,P004,Bread Loaf,Bakery,5,3.0,15.0,Cash,C4155
S009-20260104-0864,2026-01-04 08:42:47,S009,P009,Spaghetti 500g,Groceries,3,2.5,7.5,Cash,C7359
S009-20260105-0865,2026-01-05 18:20:01,S009,P002,Cooking Oil 1L,Groceries,2,12.5,25.0,Card,C2435
S009-20260102-0866,2026-01-02 16:23:45,S009,P005,Eggs (12 pack),Dairy,1,6.5,6.5,Card,C6057
S009-20260102-0867,2026-01-02 17:14:10,S009,P007,Chicken (1kg),Meat,3,8.5,25.5,Transfer,C8431
S009-20260101-0868,2026-01-01 09:30:55,S009,P008,Sugar 1kg,Groceries,2,3.5,7.0,Cash,C8981
S009-20260106-0869,2026-01-06 08:04:03,S009,P007,Chicken (1kg),Meat,3,8.5,25.5,Cash,C1724
S009-20260103-0870,2026-01-03 12:50:46,S009,P010,Detergent 1kg,Household,4,7.0,28.0,Cash,C8749
S009-20260105-0871,2026-01-05 11:05:40,S009,P001,Rice 5kg,Groceries,5,25.0,125.0,Cash,C7358
S009-20260102-0872,2026-01-02 18:41:30,S009,P008,Sugar 1kg,Groceries,3,3.5,10.5,Card,C1004
S009-20260104-0873,2026-01-04 19:01:19,S009,P002,Cooking Oil 1L,Groceries,5,12.5,62.5,Card,C7360
S009-20260101-0874,2026-01-01 17:23:24,S009,P007,Chicken (1kg),Meat,1,8.5,8.5,Cash,C4061
S009-20260105-0875,2026-01-05 17:08:55,S009,P002,Cooking Oil 1L,Groceries,1,12.5,12.5,Transfer,C6131
S009-20260105-0876,2026-01-05 14:19:14,S009,P006,Soft Drink 50cl,Beverages,5,2.0,10.0,Transfer,C1366
S009-20260105-0877,2026-01-05 15:20:14,S009,P004,Bread Loaf,Bakery,4,3.0,12.0,Cash,C5290
S009-20260105-0878,2026-01-05 21:08:32,S009,P010,Detergent 1kg,Household,4,7.0,28.0,Transfer,C2547
S009-20260105-0879,2026-01-05 18:25:07,S009,P008,Sugar 1kg,Groceries,3,3.5,10.5,Card,C9936
S009-20260104-0880,2026-01-04 11:16:57,S009,P006,Soft Drink 50cl,Beverages,3,2.0,6.0,Transfer,C7259
S009-20260103-0881,2026-01-03 18:43:10,S009,P003,Milk 1L,Dairy,1,4.0,4.0,Card,C3509
S009-20260103-0882,2026-01-03 20:21:33,S009,P004,Bread Loaf,Bakery,1,3.0,3.0,Cash,C6729
S009-20260105-0883,2026-01-05 08:42:44,S009,P009,Spaghetti 500g,Groceries,4,2.5,10.0,Cash,C5024
S009-20260103-0884,2026-01-03 19:18:39,S009,P002,Cooking Oil 1L,Groceries,1,12.5,12.5,Card,C6701
S009-20260107-0885,2026-01-07 11:18:35,S009,P009,Spaghetti 500g,Groceries,2,2.5,5.0,Transfer,C4054
S009-20260104-0886,2026-01-04 19:10:59,S009,P008,Sugar 1kg,Groceries,4,3.5,14.0,Card,C4435
S009-20260103-0887,2026-01-03 08:31:37,S009,P004,Bread Loaf,Bakery,2,3.0,6.0,Transfer,C9223
S009-20260101-0888,2026-01-01 16:05:24,S009,P008,Sugar 1kg,Groceries,1,3.5,3.5,Transfer,C9045
S009-20260104-0889,2026-01-04 18:06:07,S009,P001,Rice 5kg,Groceries,2,25.0,50.0,Cash,C3859
S009-20260101-0890,2026-01-01 15:55:14,S009,P007,Chicken (1kg),Meat,1,8.5,8.5,Card,C6232
S009-20260104-0891,2026-01-04 20:16:06,S009,P008,Sugar 1kg,Groceries,5,3.5,17.5,Cash,C5456
S009-20260106-0892,2026-01-06 16:00:01,S009,P001,Rice 5kg,Groceries,1,25.0,25.0,Transfer,C2478
S009-20260102-0893,2026-01-02 11:03:53,S009,P003,Milk 1L,Dairy,1,4.0,4.0,Cash,C9971
S009-20260105-0894,2026-01-05 08:16:58,S009,P001,Rice 5kg,Groceries,1,25.0,25.0,Cash,C5050
S009-20260107-0895,2026-01-07 20:49:41,S009,P010,Detergent 1kg,Household,2,7.0,14.0,Cash,C2278
S009-20260105-0896,2026-01-05 10:29:49,S009,P008,Sugar 1kg,Groceries,2,3.5,7.0,Cash,C5092
S009-20260106-0897,2026-01-06 15:45:26,S009,P005,Eggs (12 pack),Dairy,3,6.5,19.5,Cash,C9482
S009-20260106-0898,2026-01-06 19:56:58,S009,P005,Eggs (12 pack),Dairy,4,6.5,26.0,Card,C2616
S009-20260103-0899,2026-01-03 19:40:34,S009,P004,Bread Loaf,Bakery,2,3.0,6.0,Transfer,C6378
S009-20260105-0900,2026-01-05 20:28:19,S009,P008,Sugar 1kg,Groceries,1,3.5,3.5,Transfer,C2708
S009-20260103-0901,2026-01-03 16:29:47,S009,P002,Cooking Oil 1L,Groceries,5,12.5,62.5,Cash,C1244
S009-20260107-0902,2026-01-07 16:50:14,S009,P004,Bread Loaf,Bakery,5,3.0,15.0,Transfer,C7158
S009-20260103-0903,2026-01-03 14:07:36,S009,P008,Sugar 1kg,Groceries,5,3.5,17.5,Card,C7202
S009-20260105-0904,2026-01-05 09:08:24,S009,P007,Chicken (1kg),Meat,4,8.5,34.0,Card,C2936
S009-20260104-0905,2026-01-04 19:54:36,S009,P010,Detergent 1kg,Household,2,7.0,14.0,Card,C8496
S009-20260107-0906,2026-01-07 15:43:01,S009,P009,Spaghetti 500g,Groceries,4,2.5,10.0,Card,C7173
S009-20260103-0907,2026-01-03 15:58:57,S009,P005,Eggs (12 pack),Dairy,5,6.5,32.5,Card,C7081
S009-20260107-0908,2026-01-07 17:28:28,S009,P006,Soft Drink 50cl,Beverages,5,2.0,10.0,Transfer,C8601
S009-20260104-0909,2026-01-04 14:30:13,S009,P009,Spaghetti 500g,Groceries,1,2.5,2.5,Cash,C8575
S009-20260103-0910,2026-01-03 08:46:52,S009,P007,Chicken (1kg),Meat,5,8.5,42.5,Cash,C5066
S009-20260107-0911,2026-01-07 15:15:53,S009,P004,Bread Loaf,Bakery,5,3.0,15.0,Cash,C8661
S009-20260107-0912,2026-01-07 12:44:05,S009,P003,Milk 1L,Dairy,4,4.0,16.0,Card,C9193
S009-20260104-0913,2026-01-04 21:21:28,S009,P001,Rice 5kg,Groceries,4,25.0,100.0,Cash,C9923
S009-20260103-0914,2026-01-03 12:53:25,S009,P001,Rice 5kg,Groceries,3,25.0,75.0,Cash,C8535
S009-20260102-0915,2026-01-02 10:04:15,S009,P004,Bread Loaf,Bakery,1,3.0,3.0,Card,C9420
S009-20260107-0916,2026-01-07 15:43:35,S009,P010,Detergent 1kg,Household,2,7.0,14.0,Transfer,C9321
S009-20260105-0917,2026-01-05 08:10:45,S009,P003,Milk 1L,Dairy,5,4.0,20.0,Card,C6677
S009-20260103-0918,2026-01-03 20:48:55,S009,P008,Sugar 1kg,Groceries,4,3.5,14.0,Card,C4571
S009-20260101-0919,2026-01-01 16:33:34,S009,P004,Bread Loaf,Bakery,4,3.0,12.0,Transfer,C1522
S009-20260104-0920,2026-01-04 17:46:37,S009,P002,Cooking Oil 1L,Groceries,5,12.5,62.5,Transfer,C1166
S009-20260104-0921,2026-01-04 10:12:43,S009,P002,Cooking Oil 1L,Groceries,3,12.5,37.5,Card,C4683
S009-20260107-0922,2026-01-07 12:18:39,S009,P002,Cooking Oil 1L,Groceries,5,12.5,62.5,Transfer,C6083
S009-20260107-0923,2026-01-07 15:00:40,S009,P009,Spaghetti 500g,Groceries,3,2.5,7.5,Card,C7504
S009-20260104-0924,2026-01-04 09:07:45,S009,P008,Sugar 1kg,Groceries,2,3.5,7.0,Cash,C9657
S009-20260106-0925,2026-01-06 13:53:37,S009,P007,Chicken (1kg),Meat,2,8.5,17.0,Cash,C7922
S009-20260103-0926,2026-01-03 21:50:46,S009,P001,Rice 5kg,Groceries,5,25.0,125.0,Cash,C7841
S009-20260102-0927,2026-01-02 18:44:49,S009,P007,Chicken (1kg),Meat,4,8.5,34.0,Cash,C1177
S009-20260105-0928,2026-01-05 17:24:10,S009,P009,Spaghetti 500g,Groceries,4,2.5,10.0,Cash,C5040
S009-20260102-0929,2026-01-02 21:06:23,S009,P007,Chicken (1kg),Meat,4,8.5,34.0,Card,C2032
S009-20260106-0930,2026-01-06 21:39:04,S009,P009,Spaghetti 500g,Groceries,4,2.5,10.0,Cash,C2821
S009-20260101-0931,2026-01-01 12:50:21,S009,P010,Detergent 1kg,Household,5,7.0,35.0,Transfer,C3600
S009-20260106-0932,2026-01-06 08:30:51,S009,P002,Cooking Oil 1L,Groceries,5,12.5,62.5,Transfer,C1366
S009-20260102-0933,2026-01-02 10:05:15,S009,P002,Cooking Oil 1L,Groceries,5,12.5,62.5,Card,C7514
S009-20260101-0934,2026-01-01 13:02:12,S009,P005,Eggs (12 pack),Dairy,4,6.5,26.0,Cash,C2472
S009-20260104-0935,2026-01-04 11:18:05,S009,P008,Sugar 1kg,Groceries,3,3.5,10.5,Transfer,C5568
S009-20260104-0936,2026-01-04 21:22:23,S009,P005,Eggs (12 pack),Dairy,3,6.5,19.5,Cash,C4003
S009-20260102-0937,2026-01-02 21:13:59,S009,P006,Soft Drink 50cl,Beverages,3,2.0,6.0,Card,C7799
S009-20260107-0938,2026-01-07 20:19:47,S009,P010,Detergent 1kg,Household,1,7.0,7.0,Cash,C7728
S009-20260104-0939,2026-01-04 11:01:44,S009,P004,Bread Loaf,Bakery,4,3.0,12.0,Cash,C9397
S009-20260104-0940,2026-01-04 19:19:32,S009,P007,Chicken (1kg),Meat,3,8.5,25.5,Cash,C8314
S009-20260103-0941,2026-01-03 12:13:20,S009,P003,Milk 1L,Dairy,3,4.0,12.0,Transfer,C1023
S009-20260101-0942,2026-01-01 17:05:26,S009,P006,Soft Drink 50cl,Beverages,2,2.0,4.0,Cash,C8553
S009-20260101-0943,2026-01-01 20:25:41,S009,P007,Chicken (1kg),Meat,5,8.5,42.5,Card,C8862
S009-20260104-0944,2026-01-04 16:40:06,S009,P004,Bread Loaf,Bakery,3,3.0,9.0,Cash,C6606
S009-20260102-0945,2026-01-02 12:54:17,S009,P009,Spaghetti 500g,Groceries,4,2.5,10.0,Cash,C2062
S009-20260106-0946,2026-01-06 21:20:13,S009,P006,Soft Drink 50cl,Beverages,1,2.0,2.0,Card,C5349
S009-20260102-0947,2026-01-02 13:47:48,S009,P002,Cooking Oil 1L,Groceries,5,12.5,62.5,Cash,C7203
S009-20260102-0948,2026-01-02 17:09:38,S009,P005,Eggs (12 pack),Dairy,4,6.5,26.0,Cash,C4349
S009-20260102-0949,2026-01-02 15:05:03,S009,P001,Rice 5kg,Groceries,3,25.0,75.0,Card,C2699
S009-20260107-0950,2026-01-07 10:27:49,S009,P005,Eggs (12 pack),Dairy,2,6.5,13.0,Transfer,C5346
S009-20260107-0951,2026-01-07 15:45:01,S009,P010,Detergent 1kg,Household,5,7.0,35.0,Cash,C3592
S009-20260106-0952,2026-01-06 08:23:03,S009,P010,Detergent 1kg,Household,1,7.0,7.0,Transfer,C4461
S009-20260102-0953,2026-01-02 17:43:47,S009,P003,Milk 1L,Dairy,2,4.0,8.0,Transfer,C7406
S009-20260102-0954,2026-01-02 13:37:14,S009,P003,Milk 1L,Dairy,5,4.0,20.0,Card,C9021
S009-20260106-0955,2026-01-06 20:07:07,S009,P010,Detergent 1kg,Household,2,7.0,14.0,Card,C2771
S009-20260102-0956,2026-01-02 16:49:47,S009,P004,Bread Loaf,Bakery,1,3.0,3.0,Transfer,C8005
S009-20260102-0957,2026-01-02 21:15:48,S009,P009,Spaghetti 500g,Groceries,1,2.5,2.5,Card,C3784
S009-20260103-0958,2026-01-03 13:07:26,S009,P008,Sugar 1kg,Groceries,5,3.5,17.5,Cash,C8375
S009-20260104-0959,2026-01-04 09:43:45,S009,P010,Detergent 1kg,Household,4,7.0,28.0,Cash,C2398
S009-20260101-0960,2026-01-01 15:09:39,S009,P003,Milk 1L,Dairy,2,4.0,8.0,Cash,C6345
S009-20260105-0961,2026-01-05 09:15:46,S009,P004,Bread Loaf,Bakery,3,3.0,9.0,Cash,C7116
S009-20260102-0962,2026-01-02 13:27:10,S009,P009,Spaghetti 500g,Groceries,4,2.5,10.0,Card,C6097
S009-20260103-0963,2026-01-03 19:53:40,S009,P001,Rice 5kg,Groceries,3,25.0,75.0,Card,C1459
S009-20260105-0964,2026-01-05 12:06:17,S009,P008,Sugar 1kg,Groceries,4,3.5,14.0,Cash,C8030
S009-20260105-0965,2026-01-05 10:34:42,S009,P010,Detergent 1kg,Household,5,7.0,35.0,Cash,C9784
S009-20260106-0966,2026-01-06 10:18:18,S009,P007,Chicken (1kg),Meat,5,8.5,42.5,Cash,C2585
S009-20260104-0967,2026-01-04 11:24:08,S009,P010,Detergent 1kg,Household,4,7.0,28.0,Cash,C9571
S009-20260104-0968,2026-01-04 21:41:18,S009,P008,Sugar 1kg,Groceries,2,3.5,7.0,Cash,C3660
S009-20260102-0969,2026-01-02 10:08:16,S009,P003,Milk 1L,Dairy,4,4.0,16.0,Cash,C4519
S009-20260104-0970,2026-01-04 16:47:05,S009,P003,Milk 1L,Dairy,3,4.0,12.0,Cash,C5810
S009-20260103-0971,2026-01-03 10:59:33,S009,P008,Sugar 1kg,Groceries,5,3.5,17.5,Cash,C6688
S009-20260105-0972,2026-01-05 08:17:16,S009,P008,Sugar 1kg,Groceries,3,3.5,10.5,Card,C8254
S009-20260104-0973,2026-01-04 12:13:17,S009,P005,Eggs (12 pack),Dairy,1,6.5,6.5,Cash,C8507
S009-20260105-0974,2026-01-05 12:42:46,S009,P001,Rice 5kg,Groceries,4,25.0,100.0,Card,C3990
S009-20260107-0975,2026-01-07 13:13:11,S009,P010,Detergent 1kg,Household,2,7.0,14.0,Card,C5392
S009-20260103-0976,2026-01-03 21:17:42,S009,P009,Spaghetti 500g,Groceries,2,2.5,5.0,Cash,C7131
S009-20260101-0977,2026-01-01 17:37:23,S009,P006,Soft Drink 50cl,Beverages,1,2.0,2.0,Transfer,C8365
S009-20260104-0978,2026-01-04 13:59:51,S009,P005,Eggs (12 pack),Dairy,4,6.5,26.0,Cash,C9908
S009-20260107-0979,2026-01-07 09:47:20,S009,P008,Sugar 1kg,Groceries,1,3.5,3.5,Transfer,C7938
S009-20260102-0980,2026-01-02 13:50:45,S009,P001,Rice 5kg,Groceries,1,25.0,25.0,Card,C3839
S009-20260102-0981,2026-01-02 08:19:12,S009,P008,Sugar 1kg,Groceries,4,3.5,14.0,Transfer,C5244
S009-20260105-0982,2026-01-05 21:18:35,S009,P008,Sugar 1kg,Groceries,2,3.5,7.0,Cash,C5101
S009-20260105-0983,2026-01-05 10:27:07,S009,P006,Soft Drink 50cl,Beverages,2,2.0,4.0,Transfer,C4894
S009-20260101-0984,2026-01-01 13:48:27,S009,P009,Spaghetti 500g,Groceries,2,2.5,5.0,Card,C1771
S009-20260105-0985,2026-01-05 10:01:46,S009,P008,Sugar 1kg,Groceries,5,3.5,17.5,Transfer,C9217
S009-20260105-0986,2026-01-05 10:10:02,S009,P010,Detergent 1kg,Household,2,7.0,14.0,Cash,C2884
S009-20260101-0987,2026-01-01 18:45:51,S009,P010,Detergent 1kg,Household,3,7.0,21.0,Transfer,C4203
S009-20260106-0988,2026-01-06 13:43:16,S009,P008,Sugar 1kg,Groceries,5,3.5,17.5,Cash,C1813
S009-20260106-0989,2026-01-06 10:31:55,S009,P010,Detergent 1kg,Household,2,7.0,14.0,Card,C1184
S009-20260102-0990,2026-01-02 13:05:01,S009,P001,Rice 5kg,Groceries,2,25.0,50.0,Cash,C3231
S009-20260107-0991,2026-01-07 13:53:29,S009,P010,Detergent 1kg,Household,5,7.0,35.0,Transfer,C9608
S009-20260102-0992,2026-01-02 13:50:39,S009,P005,Eggs (12 pack),Dairy,2,6.5,13.0,Cash,C1556
S009-20260102-0993,2026-01-02 10:53:10,S009,P005,Eggs (12 pack),Dairy,1,6.5,6.5,Card,C8664
S009-20260104-0994,2026-01-04 18:02:00,S009,P004,Bread Loaf,Bakery,4,3.0,12.0,Transfer,C2705
S009-20260104-0995,2026-01-04 09:50:22,S009,P001,Rice 5kg,Groceries,4,25.0,100.0,Card,C3431
S009-20260103-0996,2026-01-03 14:00:32,S009,P009,Spaghetti 500g,Groceries,5,2.5,12.5,Transfer,C7048
S009-20260107-0997,2026-01-07 17:10:43,S009,P001,Rice 5kg,Groceries,5,25.0,125.0,Cash,C6867
S009-20260101-0998,2026-01-01 20:11:08,S009,P009,Spaghetti 500g,Groceries,4,2.5,10.0,Transfer,C1744
S009-20260101-0999,2026-01-01 17:37:39,S009,P008,Sugar 1kg,Groceries,3,3.5,10.5,Card,C2795
S009-20260101-1000,2026-01-01 20:28:07,S009,P006,Soft Drink 50cl,Beverages,5,2.0,10.0,Transfer,C4845
